phase,candidate,workload,replicate,position,requested_mode,actual_mode,status,throughput,time_sec,max_rss_kb,wall_time,swaps,arena_allocations,arena_peak_live,arena_assigned_bytes,arena_fallbacks,arena_resident_bytes,arena_majority_node,arena_query_error_pages,runtime_fingerprint,static_fingerprint,result_dir,driver_exit
screen,raw-001,b,1,1,local,local,arena-report-missing,9.86982e+07,4.05276,32642084,0:59.29,0,,,,,,,,none,97,/home/shin/arbiter/build/arbiter-bench/xindex-ycsb-b-sweep-20261008-085548/rows/001-screen-raw-001-b-r01-local,1
screen,raw-001,b,1,2,cxl,remote,arena-report-missing,1.00582e+08,3.97685,32642016,0:57.90,0,,,,,,,,none,97,/home/shin/arbiter/build/arbiter-bench/xindex-ycsb-b-sweep-20261008-085548/rows/002-screen-raw-001-b-r01-cxl,1
screen,raw-002,b,1,3,cxl,remote,arena-report-missing,9.94257e+07,4.02311,32642020,0:58.16,0,,,,,,,,none,97+99,/home/shin/arbiter/build/arbiter-bench/xindex-ycsb-b-sweep-20261008-085548/rows/003-screen-raw-002-b-r01-cxl,1
screen,raw-002,b,1,4,local,local,arena-report-missing,9.86673e+07,4.05403,32642104,0:58.49,0,,,,,,,,none,97+99,/home/shin/arbiter/build/arbiter-bench/xindex-ycsb-b-sweep-20261008-085548/rows/004-screen-raw-002-b-r01-local,1
screen,raw-003,b,1,5,local,local,ok,9.84481e+07,4.06306,33440544,1:01.24,0,26395417,26395417,3380609024,0,3378614272,0,0,68,68+97+99,/home/shin/arbiter/build/arbiter-bench/xindex-ycsb-b-sweep-20261008-085548/rows/005-screen-raw-003-b-r01-local,0
screen,raw-003,b,1,6,cxl,remote,ok,7.58827e+07,5.27129,33440552,1:03.84,0,26395417,26395417,3380609024,0,3378614272,2,0,68,68+97+99,/home/shin/arbiter/build/arbiter-bench/xindex-ycsb-b-sweep-20261008-085548/rows/006-screen-raw-003-b-r01-cxl,0
screen,raw-004,b,1,7,cxl,remote,ok,7.03486e+07,5.68597,33440012,1:04.00,0,26395417,26395417,3380609024,0,3378614272,2,0,68,68+90+97+98+99+100,/home/shin/arbiter/build/arbiter-bench/xindex-ycsb-b-sweep-20261008-085548/rows/007-screen-raw-004-b-r01-cxl,0
screen,raw-004,b,1,8,local,local,ok,1.09403e+08,3.65621,33440484,1:00.92,0,26395417,26395417,3380609024,0,3378614272,0,0,68,68+90+97+98+99+100,/home/shin/arbiter/build/arbiter-bench/xindex-ycsb-b-sweep-20261008-085548/rows/008-screen-raw-004-b-r01-local,0
screen,raw-006,b,1,9,local,local,ok,9.74319e+07,4.10543,33103020,1:04.91,0,79186456,79186380,20279459840,0,20275511296,0,0,68+69+71,68+69+71+90+97+98+99+100,/home/shin/arbiter/build/arbiter-bench/xindex-ycsb-b-sweep-20261008-085548/rows/009-screen-raw-006-b-r01-local,0
screen,raw-006,b,1,10,cxl,remote,ok,5.9993e+07,6.66744,33102700,1:17.34,0,79186456,79186380,20279459840,0,20275511296,2,0,68+69+71,68+69+71+90+97+98+99+100,/home/shin/arbiter/build/arbiter-bench/xindex-ycsb-b-sweep-20261008-085548/rows/010-screen-raw-006-b-r01-cxl,0
screen,raw-009,b,1,11,cxl,remote,ok,7.6559e+07,5.22473,34879776,1:07.13,0,52790834,52790758,5070913536,0,5067919360,2,0,68+69,68+69+90+97+98+99+100,/home/shin/arbiter/build/arbiter-bench/xindex-ycsb-b-sweep-20261008-085548/rows/011-screen-raw-009-b-r01-cxl,0
screen,raw-009,b,1,12,local,local,ok,9.84336e+07,4.06365,34880320,1:03.61,0,52790834,52790758,5070913536,0,5067919360,0,0,68+69,68+69+90+97+98+99+100,/home/shin/arbiter/build/arbiter-bench/xindex-ycsb-b-sweep-20261008-085548/rows/012-screen-raw-009-b-r01-local,0
screen,raw-014,b,1,13,local,local,arena-report-missing,9.98144e+07,4.00744,32642068,0:58.20,0,,,,,,,,none,97+98+99,/home/shin/arbiter/build/arbiter-bench/xindex-ycsb-b-sweep-20261008-085548/rows/013-screen-raw-014-b-r01-local,1
screen,raw-014,b,1,14,cxl,remote,arena-report-missing,1.00392e+08,3.98436,32641996,0:58.11,0,,,,,,,,none,97+98+99,/home/shin/arbiter/build/arbiter-bench/xindex-ycsb-b-sweep-20261008-085548/rows/014-screen-raw-014-b-r01-cxl,1
screen,raw-018,b,1,15,cxl,remote,ok,5.74056e+07,6.96796,31663100,1:14.37,0,52791182,52791182,18591252480,0,18586292224,2,0,68+71+74,68+71+74+90+97+98+99+100,/home/shin/arbiter/build/arbiter-bench/xindex-ycsb-b-sweep-20261008-085548/rows/015-screen-raw-018-b-r01-cxl,0
screen,raw-018,b,1,16,local,local,ok,9.70696e+07,4.12075,31663044,1:02.40,0,52791182,52791182,18591252480,0,18586292224,0,0,68+71+74,68+71+74+90+97+98+99+100,/home/shin/arbiter/build/arbiter-bench/xindex-ycsb-b-sweep-20261008-085548/rows/016-screen-raw-018-b-r01-local,0
screen,raw-019,b,1,17,local,local,ok,9.86272e+07,4.05567,30865172,1:01.11,0,26395765,26395765,15210643456,0,15207677952,0,0,71+74,71+74+97+99,/home/shin/arbiter/build/arbiter-bench/xindex-ycsb-b-sweep-20261008-085548/rows/017-screen-raw-019-b-r01-local,0
screen,raw-019,b,1,18,cxl,remote,ok,7.02365e+07,5.69504,30865064,1:11.37,0,26395765,26395765,15210643456,0,15207677952,2,0,71+74,71+74+97+99,/home/shin/arbiter/build/arbiter-bench/xindex-ycsb-b-sweep-20261008-085548/rows/018-screen-raw-019-b-r01-cxl,0
screen,raw-021,b,1,19,cxl,remote,ok,5.73608e+07,6.9734,33103072,1:17.63,0,79186599,79186523,20281556992,0,20275597312,2,0,68+69+71+74,68+69+71+74+90+97+98+99+100,/home/shin/arbiter/build/arbiter-bench/xindex-ycsb-b-sweep-20261008-085548/rows/019-screen-raw-021-b-r01-cxl,0
screen,raw-021,b,1,20,local,local,ok,9.9031e+07,4.03914,33102632,1:04.85,0,79186599,79186523,20281556992,0,20275597312,0,0,68+69+71+74,68+69+71+74+90+97+98+99+100,/home/shin/arbiter/build/arbiter-bench/xindex-ycsb-b-sweep-20261008-085548/rows/020-screen-raw-021-b-r01-local,0
screen,raw-030,b,1,21,local,local,ok,9.88488e+07,4.04658,34879888,1:04.05,0,52790835,52790759,5073010688,0,5067923456,0,0,21+68+69,21+68+69+90+97+98+99+100,/home/shin/arbiter/build/arbiter-bench/xindex-ycsb-b-sweep-20261008-085548/rows/021-screen-raw-030-b-r01-local,0
screen,raw-030,b,1,22,cxl,remote,ok,7.59469e+07,5.26684,34880312,1:06.38,0,52790835,52790759,5073010688,0,5067923456,2,0,21+68+69,21+68+69+90+97+98+99+100,/home/shin/arbiter/build/arbiter-bench/xindex-ycsb-b-sweep-20261008-085548/rows/022-screen-raw-030-b-r01-cxl,0
screen,raw-031,b,1,23,cxl,remote,arena-report-missing,9.92202e+07,4.03144,32641664,0:58.64,0,,,,,,,,none,90+97+99,/home/shin/arbiter/build/arbiter-bench/xindex-ycsb-b-sweep-20261008-085548/rows/023-screen-raw-031-b-r01-cxl,1
screen,raw-031,b,1,24,local,local,arena-report-missing,9.81091e+07,4.07709,32642056,0:58.14,0,,,,,,,,none,90+97+99,/home/shin/arbiter/build/arbiter-bench/xindex-ycsb-b-sweep-20261008-085548/rows/024-screen-raw-031-b-r01-local,1
screen,raw-036,b,1,25,local,local,ok,9.88285e+07,4.04742,33440592,1:01.29,0,26395417,26395417,3380609024,0,3378614272,0,0,68,68+90+97+99,/home/shin/arbiter/build/arbiter-bench/xindex-ycsb-b-sweep-20261008-085548/rows/025-screen-raw-036-b-r01-local,0
screen,raw-036,b,1,26,cxl,remote,ok,7.28337e+07,5.49196,33440284,1:08.31,0,26395417,26395417,3380609024,0,3378614272,2,0,68,68+90+97+99,/home/shin/arbiter/build/arbiter-bench/xindex-ycsb-b-sweep-20261008-085548/rows/026-screen-raw-036-b-r01-cxl,0
screen,raw-039,b,1,27,cxl,remote,ok,6.0515e+07,6.60993,31662244,1:15.36,0,52791182,52791182,18591252480,0,18586292224,2,0,68+71+74,68+71+74+90+97+99,/home/shin/arbiter/build/arbiter-bench/xindex-ycsb-b-sweep-20261008-085548/rows/027-screen-raw-039-b-r01-cxl,0
screen,raw-039,b,1,28,local,local,ok,1.10706e+08,3.61317,31663064,1:02.10,0,52791182,52791182,18591252480,0,18586292224,0,0,68+71+74,68+71+74+90+97+99,/home/shin/arbiter/build/arbiter-bench/xindex-ycsb-b-sweep-20261008-085548/rows/028-screen-raw-039-b-r01-local,0
screen,raw-041,b,1,29,local,local,arena-report-missing,9.99884e+07,4.00046,32642004,0:58.00,0,,,,,,,,none,90+97+98+99+100,/home/shin/arbiter/build/arbiter-bench/xindex-ycsb-b-sweep-20261008-085548/rows/029-screen-raw-041-b-r01-local,1
screen,raw-041,b,1,30,cxl,remote,arena-report-missing,9.96954e+07,4.01222,32641608,0:58.08,0,,,,,,,,none,90+97+98+99+100,/home/shin/arbiter/build/arbiter-bench/xindex-ycsb-b-sweep-20261008-085548/rows/030-screen-raw-041-b-r01-cxl,1
screen,raw-043,b,1,31,cxl,remote,ok,5.70745e+07,7.00839,33103012,1:17.35,0,79186700,79186624,20285751296,0,20275609600,2,0,21+37+68+69+71+74,21+37+54+68+69+71+74+90+97+98+99+100,/home/shin/arbiter/build/arbiter-bench/xindex-ycsb-b-sweep-20261008-085548/rows/031-screen-raw-043-b-r01-cxl,0
screen,raw-043,b,1,32,local,local,ok,9.97507e+07,4.01,33102316,1:08.13,0,79186700,79186624,20285751296,0,20275609600,0,0,21+37+68+69+71+74,21+37+54+68+69+71+74+90+97+98+99+100,/home/shin/arbiter/build/arbiter-bench/xindex-ycsb-b-sweep-20261008-085548/rows/032-screen-raw-043-b-r01-local,0
screen,raw-047,b,1,33,local,local,ok,9.88359e+07,4.04711,34879780,1:03.61,0,52790834,52790758,5070913536,0,5067919360,0,0,68+69,68+69+97+98+99+100,/home/shin/arbiter/build/arbiter-bench/xindex-ycsb-b-sweep-20261008-085548/rows/033-screen-raw-047-b-r01-local,0
screen,raw-047,b,1,34,cxl,remote,ok,7.5636e+07,5.28848,34880148,1:06.69,0,52790834,52790758,5070913536,0,5067919360,2,0,68+69,68+69+97+98+99+100,/home/shin/arbiter/build/arbiter-bench/xindex-ycsb-b-sweep-20261008-085548/rows/034-screen-raw-047-b-r01-cxl,0
screen,raw-063,b,1,35,cxl,remote,arena-report-missing,1.00373e+08,3.98514,32642032,0:58.06,0,,,,,,,,none,90+97,/home/shin/arbiter/build/arbiter-bench/xindex-ycsb-b-sweep-20261008-085548/rows/035-screen-raw-063-b-r01-cxl,1
screen,raw-063,b,1,36,local,local,arena-report-missing,9.9364e+07,4.0256,32642020,0:58.22,0,,,,,,,,none,90+97,/home/shin/arbiter/build/arbiter-bench/xindex-ycsb-b-sweep-20261008-085548/rows/036-screen-raw-063-b-r01-local,1
screen,raw-081,b,1,37,local,local,ok,9.76103e+07,4.09793,30865192,1:00.32,0,26395765,26395765,15210643456,0,15207677952,0,0,71+74,71+74,/home/shin/arbiter/build/arbiter-bench/xindex-ycsb-b-sweep-20261008-085548/rows/037-screen-raw-081-b-r01-local,0
screen,raw-081,b,1,38,cxl,remote,ok,7.06345e+07,5.66296,30865176,1:08.56,0,26395765,26395765,15210643456,0,15207677952,2,0,71+74,71+74,/home/shin/arbiter/build/arbiter-bench/xindex-ycsb-b-sweep-20261008-085548/rows/038-screen-raw-081-b-r01-cxl,0
screen,raw-082,b,1,39,cxl,remote,ok,7.06168e+07,5.66438,30865128,1:08.85,0,26395622,26395622,15208546304,0,15207591936,2,0,71,71,/home/shin/arbiter/build/arbiter-bench/xindex-ycsb-b-sweep-20261008-085548/rows/039-screen-raw-082-b-r01-cxl,0
screen,raw-082,b,1,40,local,local,ok,9.98613e+07,4.00555,30865100,1:00.51,0,26395622,26395622,15208546304,0,15207591936,0,0,71,71,/home/shin/arbiter/build/arbiter-bench/xindex-ycsb-b-sweep-20261008-085548/rows/040-screen-raw-082-b-r01-local,0
screen,raw-091,b,1,41,local,local,ok,9.84828e+07,4.06162,33440412,1:01.64,0,26395417,26395417,3380609024,0,3378614272,0,0,68,68+97+98+99,/home/shin/arbiter/build/arbiter-bench/xindex-ycsb-b-sweep-20261008-085548/rows/041-screen-raw-091-b-r01-local,0
screen,raw-091,b,1,42,cxl,remote,ok,7.95912e+07,5.02568,33440488,1:03.54,0,26395417,26395417,3380609024,0,3378614272,2,0,68,68+97+98+99,/home/shin/arbiter/build/arbiter-bench/xindex-ycsb-b-sweep-20261008-085548/rows/042-screen-raw-091-b-r01-cxl,0
final-native,native,a,1,43,native,native,ok,2.6268e+07,15.2276,32641988,1:13.25,0,,,,,,,,native,native,/home/shin/arbiter/build/arbiter-bench/xindex-ycsb-b-sweep-20261008-085548/rows/043-final-native-native-a-r01-native,0
final-native,native,b,1,44,native,native,ok,1.00391e+08,3.98443,32642000,0:57.93,0,,,,,,,,native,native,/home/shin/arbiter/build/arbiter-bench/xindex-ycsb-b-sweep-20261008-085548/rows/044-final-native-native-b-r01-native,0
final-native,native,b,2,45,native,native,ok,1.00161e+08,3.99356,32641968,0:57.82,0,,,,,,,,native,native,/home/shin/arbiter/build/arbiter-bench/xindex-ycsb-b-sweep-20261008-085548/rows/045-final-native-native-b-r02-native,0
final-native,native,a,2,46,native,native,ok,2.65095e+07,15.089,32641636,1:14.05,0,,,,,,,,native,native,/home/shin/arbiter/build/arbiter-bench/xindex-ycsb-b-sweep-20261008-085548/rows/046-final-native-native-a-r02-native,0
final-native,native,a,3,47,native,native,ok,2.60093e+07,15.3791,32642036,1:13.52,0,,,,,,,,native,native,/home/shin/arbiter/build/arbiter-bench/xindex-ycsb-b-sweep-20261008-085548/rows/047-final-native-native-a-r03-native,0
final-native,native,b,3,48,native,native,ok,9.7026e+07,4.12261,32641964,0:57.92,0,,,,,,,,native,native,/home/shin/arbiter/build/arbiter-bench/xindex-ycsb-b-sweep-20261008-085548/rows/048-final-native-native-b-r03-native,0
final-native,native,b,4,49,native,native,ok,9.90672e+07,4.03767,32642068,0:57.92,0,,,,,,,,native,native,/home/shin/arbiter/build/arbiter-bench/xindex-ycsb-b-sweep-20261008-085548/rows/049-final-native-native-b-r04-native,0
final-native,native,a,4,50,native,native,ok,2.60144e+07,15.3761,32642060,1:13.21,0,,,,,,,,native,native,/home/shin/arbiter/build/arbiter-bench/xindex-ycsb-b-sweep-20261008-085548/rows/050-final-native-native-a-r04-native,0
