candidate,safe,reason,local_status,cxl_status,local_ops,cxl_ops,cxl_over_local_pct,runtime_fingerprint,static_fingerprint,cxl_resident_bytes,local_allocations,cxl_allocations,max_rss_kb
raw-001,0,row-status,arena-report-missing,arena-report-missing,98698200,100582000,1.90865,none,97,0,,,32642084
raw-002,0,row-status,arena-report-missing,arena-report-missing,98667300,99425700,0.768644,none,97+99,0,,,32642104
raw-003,1,ok,ok,ok,98448100,75882700,-22.9211,68,68+97+99,3378614272,26395417,26395417,33440552
raw-004,1,ok,ok,ok,109403000,70348600,-35.6977,68,68+90+97+98+99+100,3378614272,26395417,26395417,33440484
raw-006,1,ok,ok,ok,97431900,59993000,-38.4257,68+69+71,68+69+71+90+97+98+99+100,20275511296,79186456,79186456,33103020
raw-009,1,ok,ok,ok,98433600,76559000,-22.2227,68+69,68+69+90+97+98+99+100,5067919360,52790834,52790834,34880320
raw-014,0,row-status,arena-report-missing,arena-report-missing,99814400,100392000,0.578674,none,97+98+99,0,,,32642068
raw-018,1,ok,ok,ok,97069600,57405600,-40.8614,68+71+74,68+71+74+90+97+98+99+100,18586292224,52791182,52791182,31663100
raw-019,1,ok,ok,ok,98627200,70236500,-28.7859,71+74,71+74+97+99,15207677952,26395765,26395765,30865172
raw-021,1,ok,ok,ok,99031000,57360800,-42.0779,68+69+71+74,68+69+71+74+90+97+98+99+100,20275597312,79186599,79186599,33103072
raw-030,1,ok,ok,ok,98848800,75946900,-23.1686,21+68+69,21+68+69+90+97+98+99+100,5067923456,52790835,52790835,34880312
raw-031,0,row-status,arena-report-missing,arena-report-missing,98109100,99220200,1.13251,none,90+97+99,0,,,32642056
raw-036,1,ok,ok,ok,98828500,72833700,-26.3029,68,68+90+97+99,3378614272,26395417,26395417,33440592
raw-039,1,ok,ok,ok,110706000,60515000,-45.3372,68+71+74,68+71+74+90+97+99,18586292224,52791182,52791182,31663064
raw-041,0,row-status,arena-report-missing,arena-report-missing,99988400,99695400,-0.293034,none,90+97+98+99+100,0,,,32642004
raw-043,1,ok,ok,ok,99750700,57074500,-42.7829,21+37+68+69+71+74,21+37+54+68+69+71+74+90+97+98+99+100,20275609600,79186700,79186700,33103012
raw-047,1,ok,ok,ok,98835900,75636000,-23.4732,68+69,68+69+97+98+99+100,5067919360,52790834,52790834,34880148
raw-063,0,row-status,arena-report-missing,arena-report-missing,99364000,100373000,1.01546,none,90+97,0,,,32642032
raw-081,1,ok,ok,ok,97610300,70634500,-27.6362,71+74,71+74,15207677952,26395765,26395765,30865192
raw-082,1,ok,ok,ok,99861300,70616800,-29.2851,71,71,15207591936,26395622,26395622,30865128
raw-091,1,ok,ok,ok,98482800,79591200,-19.1826,68,68+97+98+99,3378614272,26395417,26395417,33440488
