phase,round,position,policy,benchmark,workload,config,repeat,mode,elapsed_sec,interval_sec,interval_ops,interval_ops_per_sec,cumulative_ops,cumulative_ops_per_sec,final,log
main,01,1,native,xindex,a,native,1,native,60.0015,60.0015,1023757886,1.70622e+07,1023757886,1.70622e+07,0,/home/shin/arbiter/build/arbiter-bench/hotset-auto-overnight-20260814-012754/main/round-01/row-01-native-native/logs/xindex_a_native_r1.log
main,01,1,native,xindex,a,native,1,native,120.001,59.9993,737516988,1.22921e+07,1761274874,1.46772e+07,0,/home/shin/arbiter/build/arbiter-bench/hotset-auto-overnight-20260814-012754/main/round-01/row-01-native-native/logs/xindex_a_native_r1.log
main,01,1,native,xindex,a,native,1,native,180.001,60.0001,736706093,1.22784e+07,2497980967,1.38776e+07,0,/home/shin/arbiter/build/arbiter-bench/hotset-auto-overnight-20260814-012754/main/round-01/row-01-native-native/logs/xindex_a_native_r1.log
main,01,1,native,xindex,a,native,1,native,240.001,60.0002,737328879,1.22888e+07,3235309846,1.34804e+07,0,/home/shin/arbiter/build/arbiter-bench/hotset-auto-overnight-20260814-012754/main/round-01/row-01-native-native/logs/xindex_a_native_r1.log
main,01,1,native,xindex,a,native,1,native,300.001,59.9999,737984461,1.22998e+07,3973294307,1.32443e+07,0,/home/shin/arbiter/build/arbiter-bench/hotset-auto-overnight-20260814-012754/main/round-01/row-01-native-native/logs/xindex_a_native_r1.log
main,01,1,native,xindex,a,native,1,native,360.001,59.9999,737743496,1.22957e+07,4711037803,1.30862e+07,0,/home/shin/arbiter/build/arbiter-bench/hotset-auto-overnight-20260814-012754/main/round-01/row-01-native-native/logs/xindex_a_native_r1.log
main,01,1,native,xindex,a,native,1,native,420.001,60.0004,737651018,1.22941e+07,5448688821,1.2973e+07,0,/home/shin/arbiter/build/arbiter-bench/hotset-auto-overnight-20260814-012754/main/round-01/row-01-native-native/logs/xindex_a_native_r1.log
main,01,1,native,xindex,a,native,1,native,480.001,59.9996,737752877,1.2296e+07,6186441698,1.28884e+07,0,/home/shin/arbiter/build/arbiter-bench/hotset-auto-overnight-20260814-012754/main/round-01/row-01-native-native/logs/xindex_a_native_r1.log
main,01,1,native,xindex,a,native,1,native,540.001,60.0002,737720946,1.22953e+07,6924162644,1.28225e+07,0,/home/shin/arbiter/build/arbiter-bench/hotset-auto-overnight-20260814-012754/main/round-01/row-01-native-native/logs/xindex_a_native_r1.log
main,01,1,native,xindex,a,native,1,native,600.001,60,737682312,1.22947e+07,7661844956,1.27697e+07,0,/home/shin/arbiter/build/arbiter-bench/hotset-auto-overnight-20260814-012754/main/round-01/row-01-native-native/logs/xindex_a_native_r1.log
main,01,1,native,xindex,a,native,1,native,660.001,60.0002,737230467,1.22871e+07,8399075423,1.27258e+07,0,/home/shin/arbiter/build/arbiter-bench/hotset-auto-overnight-20260814-012754/main/round-01/row-01-native-native/logs/xindex_a_native_r1.log
main,01,1,native,xindex,a,native,1,native,720.001,59.9996,738076308,1.23014e+07,9137151731,1.26905e+07,0,/home/shin/arbiter/build/arbiter-bench/hotset-auto-overnight-20260814-012754/main/round-01/row-01-native-native/logs/xindex_a_native_r1.log
main,01,1,native,xindex,a,native,1,native,780.001,60.0001,737512237,1.22919e+07,9874663968,1.26598e+07,0,/home/shin/arbiter/build/arbiter-bench/hotset-auto-overnight-20260814-012754/main/round-01/row-01-native-native/logs/xindex_a_native_r1.log
main,01,1,native,xindex,a,native,1,native,840.001,60,737064067,1.22844e+07,10611728035,1.2633e+07,0,/home/shin/arbiter/build/arbiter-bench/hotset-auto-overnight-20260814-012754/main/round-01/row-01-native-native/logs/xindex_a_native_r1.log
main,01,1,native,xindex,a,native,1,native,900.065,60.0639,737570184,1.22798e+07,11349298219,1.26094e+07,1,/home/shin/arbiter/build/arbiter-bench/hotset-auto-overnight-20260814-012754/main/round-01/row-01-native-native/logs/xindex_a_native_r1.log
main,01,2,auto-k1,xindex,a,hotset-use-local,1,local,60.0012,60.0012,1041765279,1.73624e+07,1041765279,1.73624e+07,0,/home/shin/arbiter/build/arbiter-bench/hotset-auto-overnight-20260814-012754/main/round-01/row-02-auto-k1-local/logs/xindex_a_hotset-use-local_r1.log
main,01,2,auto-k1,xindex,a,hotset-use-local,1,local,120.001,59.9999,780434062,1.30073e+07,1822199341,1.51849e+07,0,/home/shin/arbiter/build/arbiter-bench/hotset-auto-overnight-20260814-012754/main/round-01/row-02-auto-k1-local/logs/xindex_a_hotset-use-local_r1.log
main,01,2,auto-k1,xindex,a,hotset-use-local,1,local,180.001,60,779841149,1.29974e+07,2602040490,1.44557e+07,0,/home/shin/arbiter/build/arbiter-bench/hotset-auto-overnight-20260814-012754/main/round-01/row-02-auto-k1-local/logs/xindex_a_hotset-use-local_r1.log
main,01,2,auto-k1,xindex,a,hotset-use-local,1,local,240.001,60.0001,779703512,1.2995e+07,3381744002,1.40905e+07,0,/home/shin/arbiter/build/arbiter-bench/hotset-auto-overnight-20260814-012754/main/round-01/row-02-auto-k1-local/logs/xindex_a_hotset-use-local_r1.log
main,01,2,auto-k1,xindex,a,hotset-use-local,1,local,300.001,60.0001,780419982,1.3007e+07,4162163984,1.38738e+07,0,/home/shin/arbiter/build/arbiter-bench/hotset-auto-overnight-20260814-012754/main/round-01/row-02-auto-k1-local/logs/xindex_a_hotset-use-local_r1.log
main,01,2,auto-k1,xindex,a,hotset-use-local,1,local,360.001,59.9999,780948167,1.30158e+07,4943112151,1.37308e+07,0,/home/shin/arbiter/build/arbiter-bench/hotset-auto-overnight-20260814-012754/main/round-01/row-02-auto-k1-local/logs/xindex_a_hotset-use-local_r1.log
main,01,2,auto-k1,xindex,a,hotset-use-local,1,local,420.001,59.9998,779998936,1.3e+07,5723111087,1.36264e+07,0,/home/shin/arbiter/build/arbiter-bench/hotset-auto-overnight-20260814-012754/main/round-01/row-02-auto-k1-local/logs/xindex_a_hotset-use-local_r1.log
main,01,2,auto-k1,xindex,a,hotset-use-local,1,local,480.001,60,779413208,1.29902e+07,6502524295,1.35469e+07,0,/home/shin/arbiter/build/arbiter-bench/hotset-auto-overnight-20260814-012754/main/round-01/row-02-auto-k1-local/logs/xindex_a_hotset-use-local_r1.log
main,01,2,auto-k1,xindex,a,hotset-use-local,1,local,540.001,60,780268066,1.30045e+07,7282792361,1.34866e+07,0,/home/shin/arbiter/build/arbiter-bench/hotset-auto-overnight-20260814-012754/main/round-01/row-02-auto-k1-local/logs/xindex_a_hotset-use-local_r1.log
main,01,2,auto-k1,xindex,a,hotset-use-local,1,local,600.001,60.0001,780351704,1.30058e+07,8063144065,1.34385e+07,0,/home/shin/arbiter/build/arbiter-bench/hotset-auto-overnight-20260814-012754/main/round-01/row-02-auto-k1-local/logs/xindex_a_hotset-use-local_r1.log
main,01,2,auto-k1,xindex,a,hotset-use-local,1,local,660.001,59.9997,779454862,1.2991e+07,8842598927,1.33979e+07,0,/home/shin/arbiter/build/arbiter-bench/hotset-auto-overnight-20260814-012754/main/round-01/row-02-auto-k1-local/logs/xindex_a_hotset-use-local_r1.log
main,01,2,auto-k1,xindex,a,hotset-use-local,1,local,720.001,60.0003,780103185,1.30017e+07,9622702112,1.33648e+07,0,/home/shin/arbiter/build/arbiter-bench/hotset-auto-overnight-20260814-012754/main/round-01/row-02-auto-k1-local/logs/xindex_a_hotset-use-local_r1.log
main,01,2,auto-k1,xindex,a,hotset-use-local,1,local,780.001,59.9997,780564553,1.30095e+07,10403266665,1.33375e+07,0,/home/shin/arbiter/build/arbiter-bench/hotset-auto-overnight-20260814-012754/main/round-01/row-02-auto-k1-local/logs/xindex_a_hotset-use-local_r1.log
main,01,2,auto-k1,xindex,a,hotset-use-local,1,local,840.001,60.0007,780415431,1.30068e+07,11183682096,1.33139e+07,0,/home/shin/arbiter/build/arbiter-bench/hotset-auto-overnight-20260814-012754/main/round-01/row-02-auto-k1-local/logs/xindex_a_hotset-use-local_r1.log
main,01,2,auto-k1,xindex,a,hotset-use-local,1,local,900.051,60.0497,779625358,1.2983e+07,11963307454,1.32918e+07,1,/home/shin/arbiter/build/arbiter-bench/hotset-auto-overnight-20260814-012754/main/round-01/row-02-auto-k1-local/logs/xindex_a_hotset-use-local_r1.log
main,01,3,auto-k1,xindex,a,hotset-use-target,1,remote,60.0013,60.0013,1210320346,2.01716e+07,1210320346,2.01716e+07,0,/home/shin/arbiter/build/arbiter-bench/hotset-auto-overnight-20260814-012754/main/round-01/row-03-auto-k1-cxl/logs/xindex_a_hotset-use-target_r1.log
main,01,3,auto-k1,xindex,a,hotset-use-target,1,remote,120.001,59.9997,872248519,1.45376e+07,2082568865,1.73546e+07,0,/home/shin/arbiter/build/arbiter-bench/hotset-auto-overnight-20260814-012754/main/round-01/row-03-auto-k1-cxl/logs/xindex_a_hotset-use-target_r1.log
main,01,3,auto-k1,xindex,a,hotset-use-target,1,remote,180.001,60,873643412,1.45607e+07,2956212277,1.64233e+07,0,/home/shin/arbiter/build/arbiter-bench/hotset-auto-overnight-20260814-012754/main/round-01/row-03-auto-k1-cxl/logs/xindex_a_hotset-use-target_r1.log
main,01,3,auto-k1,xindex,a,hotset-use-target,1,remote,240.001,60.0001,873464871,1.45577e+07,3829677148,1.59569e+07,0,/home/shin/arbiter/build/arbiter-bench/hotset-auto-overnight-20260814-012754/main/round-01/row-03-auto-k1-cxl/logs/xindex_a_hotset-use-target_r1.log
main,01,3,auto-k1,xindex,a,hotset-use-target,1,remote,300.001,60.0002,874440556,1.4574e+07,4704117704,1.56803e+07,0,/home/shin/arbiter/build/arbiter-bench/hotset-auto-overnight-20260814-012754/main/round-01/row-03-auto-k1-cxl/logs/xindex_a_hotset-use-target_r1.log
main,01,3,auto-k1,xindex,a,hotset-use-target,1,remote,360.002,60.0003,871547670,1.45257e+07,5575665374,1.54879e+07,0,/home/shin/arbiter/build/arbiter-bench/hotset-auto-overnight-20260814-012754/main/round-01/row-03-auto-k1-cxl/logs/xindex_a_hotset-use-target_r1.log
main,01,3,auto-k1,xindex,a,hotset-use-target,1,remote,420.001,59.9996,873567158,1.45596e+07,6449232532,1.53553e+07,0,/home/shin/arbiter/build/arbiter-bench/hotset-auto-overnight-20260814-012754/main/round-01/row-03-auto-k1-cxl/logs/xindex_a_hotset-use-target_r1.log
main,01,3,auto-k1,xindex,a,hotset-use-target,1,remote,480.001,59.9999,872308076,1.45385e+07,7321540608,1.52532e+07,0,/home/shin/arbiter/build/arbiter-bench/hotset-auto-overnight-20260814-012754/main/round-01/row-03-auto-k1-cxl/logs/xindex_a_hotset-use-target_r1.log
main,01,3,auto-k1,xindex,a,hotset-use-target,1,remote,540.002,60.0007,872160022,1.45358e+07,8193700630,1.51735e+07,0,/home/shin/arbiter/build/arbiter-bench/hotset-auto-overnight-20260814-012754/main/round-01/row-03-auto-k1-cxl/logs/xindex_a_hotset-use-target_r1.log
main,01,3,auto-k1,xindex,a,hotset-use-target,1,remote,600.001,59.9994,867829100,1.4464e+07,9061529730,1.51025e+07,0,/home/shin/arbiter/build/arbiter-bench/hotset-auto-overnight-20260814-012754/main/round-01/row-03-auto-k1-cxl/logs/xindex_a_hotset-use-target_r1.log
main,01,3,auto-k1,xindex,a,hotset-use-target,1,remote,660.001,59.9996,868939372,1.44824e+07,9930469102,1.50461e+07,0,/home/shin/arbiter/build/arbiter-bench/hotset-auto-overnight-20260814-012754/main/round-01/row-03-auto-k1-cxl/logs/xindex_a_hotset-use-target_r1.log
main,01,3,auto-k1,xindex,a,hotset-use-target,1,remote,720.001,60.0001,869499847,1.44916e+07,10799968949,1.49999e+07,0,/home/shin/arbiter/build/arbiter-bench/hotset-auto-overnight-20260814-012754/main/round-01/row-03-auto-k1-cxl/logs/xindex_a_hotset-use-target_r1.log
main,01,3,auto-k1,xindex,a,hotset-use-target,1,remote,780.001,59.9999,867859404,1.44643e+07,11667828353,1.49587e+07,0,/home/shin/arbiter/build/arbiter-bench/hotset-auto-overnight-20260814-012754/main/round-01/row-03-auto-k1-cxl/logs/xindex_a_hotset-use-target_r1.log
main,01,3,auto-k1,xindex,a,hotset-use-target,1,remote,840.001,59.9999,868783121,1.44797e+07,12536611474,1.49245e+07,0,/home/shin/arbiter/build/arbiter-bench/hotset-auto-overnight-20260814-012754/main/round-01/row-03-auto-k1-cxl/logs/xindex_a_hotset-use-target_r1.log
main,01,3,auto-k1,xindex,a,hotset-use-target,1,remote,900.07,60.069,868776135,1.4463e+07,13405387609,1.48937e+07,1,/home/shin/arbiter/build/arbiter-bench/hotset-auto-overnight-20260814-012754/main/round-01/row-03-auto-k1-cxl/logs/xindex_a_hotset-use-target_r1.log
main,02,1,auto-k1,xindex,a,hotset-use-local,1,local,60.0008,60.0008,1001848593,1.66973e+07,1001848593,1.66973e+07,0,/home/shin/arbiter/build/arbiter-bench/hotset-auto-overnight-20260814-012754/main/round-02/row-01-auto-k1-local/logs/xindex_a_hotset-use-local_r1.log
main,02,1,auto-k1,xindex,a,hotset-use-local,1,local,120.001,60.0001,777704044,1.29617e+07,1779552637,1.48295e+07,0,/home/shin/arbiter/build/arbiter-bench/hotset-auto-overnight-20260814-012754/main/round-02/row-01-auto-k1-local/logs/xindex_a_hotset-use-local_r1.log
main,02,1,auto-k1,xindex,a,hotset-use-local,1,local,180.001,60.0004,777660644,1.29609e+07,2557213281,1.42066e+07,0,/home/shin/arbiter/build/arbiter-bench/hotset-auto-overnight-20260814-012754/main/round-02/row-01-auto-k1-local/logs/xindex_a_hotset-use-local_r1.log
main,02,1,auto-k1,xindex,a,hotset-use-local,1,local,240.001,60.0001,778070562,1.29678e+07,3335283843,1.38969e+07,0,/home/shin/arbiter/build/arbiter-bench/hotset-auto-overnight-20260814-012754/main/round-02/row-01-auto-k1-local/logs/xindex_a_hotset-use-local_r1.log
main,02,1,auto-k1,xindex,a,hotset-use-local,1,local,300.001,59.9998,777471721,1.29579e+07,4112755564,1.37091e+07,0,/home/shin/arbiter/build/arbiter-bench/hotset-auto-overnight-20260814-012754/main/round-02/row-01-auto-k1-local/logs/xindex_a_hotset-use-local_r1.log
main,02,1,auto-k1,xindex,a,hotset-use-local,1,local,360.001,60.0001,777261267,1.29543e+07,4890016831,1.35833e+07,0,/home/shin/arbiter/build/arbiter-bench/hotset-auto-overnight-20260814-012754/main/round-02/row-01-auto-k1-local/logs/xindex_a_hotset-use-local_r1.log
main,02,1,auto-k1,xindex,a,hotset-use-local,1,local,420.001,60,778169048,1.29695e+07,5668185879,1.34956e+07,0,/home/shin/arbiter/build/arbiter-bench/hotset-auto-overnight-20260814-012754/main/round-02/row-01-auto-k1-local/logs/xindex_a_hotset-use-local_r1.log
main,02,1,auto-k1,xindex,a,hotset-use-local,1,local,480.001,60.0002,777358564,1.29559e+07,6445544443,1.34282e+07,0,/home/shin/arbiter/build/arbiter-bench/hotset-auto-overnight-20260814-012754/main/round-02/row-01-auto-k1-local/logs/xindex_a_hotset-use-local_r1.log
main,02,1,auto-k1,xindex,a,hotset-use-local,1,local,540.001,59.9997,777743485,1.29625e+07,7223287928,1.33764e+07,0,/home/shin/arbiter/build/arbiter-bench/hotset-auto-overnight-20260814-012754/main/round-02/row-01-auto-k1-local/logs/xindex_a_hotset-use-local_r1.log
main,02,1,auto-k1,xindex,a,hotset-use-local,1,local,600.001,59.9998,777889917,1.29649e+07,8001177845,1.33353e+07,0,/home/shin/arbiter/build/arbiter-bench/hotset-auto-overnight-20260814-012754/main/round-02/row-01-auto-k1-local/logs/xindex_a_hotset-use-local_r1.log
main,02,1,auto-k1,xindex,a,hotset-use-local,1,local,660.001,60.0002,777900169,1.2965e+07,8779078014,1.33016e+07,0,/home/shin/arbiter/build/arbiter-bench/hotset-auto-overnight-20260814-012754/main/round-02/row-01-auto-k1-local/logs/xindex_a_hotset-use-local_r1.log
main,02,1,auto-k1,xindex,a,hotset-use-local,1,local,720.001,59.9999,777772504,1.29629e+07,9556850518,1.32734e+07,0,/home/shin/arbiter/build/arbiter-bench/hotset-auto-overnight-20260814-012754/main/round-02/row-01-auto-k1-local/logs/xindex_a_hotset-use-local_r1.log
main,02,1,auto-k1,xindex,a,hotset-use-local,1,local,780.001,60.0002,777829604,1.29638e+07,10334680122,1.32496e+07,0,/home/shin/arbiter/build/arbiter-bench/hotset-auto-overnight-20260814-012754/main/round-02/row-01-auto-k1-local/logs/xindex_a_hotset-use-local_r1.log
main,02,1,auto-k1,xindex,a,hotset-use-local,1,local,840.001,59.9998,777920819,1.29654e+07,11112600941,1.32293e+07,0,/home/shin/arbiter/build/arbiter-bench/hotset-auto-overnight-20260814-012754/main/round-02/row-01-auto-k1-local/logs/xindex_a_hotset-use-local_r1.log
main,02,1,auto-k1,xindex,a,hotset-use-local,1,local,900.064,60.0634,777584674,1.29461e+07,11890185615,1.32104e+07,1,/home/shin/arbiter/build/arbiter-bench/hotset-auto-overnight-20260814-012754/main/round-02/row-01-auto-k1-local/logs/xindex_a_hotset-use-local_r1.log
main,02,2,auto-k1,xindex,a,hotset-use-target,1,remote,60.0039,60.0039,1122791748,1.8712e+07,1122791748,1.8712e+07,0,/home/shin/arbiter/build/arbiter-bench/hotset-auto-overnight-20260814-012754/main/round-02/row-02-auto-k1-cxl/logs/xindex_a_hotset-use-target_r1.log
main,02,2,auto-k1,xindex,a,hotset-use-target,1,remote,120.001,59.9973,857172275,1.42869e+07,1979964023,1.64995e+07,0,/home/shin/arbiter/build/arbiter-bench/hotset-auto-overnight-20260814-012754/main/round-02/row-02-auto-k1-cxl/logs/xindex_a_hotset-use-target_r1.log
main,02,2,auto-k1,xindex,a,hotset-use-target,1,remote,180.001,59.9997,857476750,1.42913e+07,2837440773,1.57635e+07,0,/home/shin/arbiter/build/arbiter-bench/hotset-auto-overnight-20260814-012754/main/round-02/row-02-auto-k1-cxl/logs/xindex_a_hotset-use-target_r1.log
main,02,2,auto-k1,xindex,a,hotset-use-target,1,remote,240.001,60.0004,857094707,1.42848e+07,3694535480,1.53938e+07,0,/home/shin/arbiter/build/arbiter-bench/hotset-auto-overnight-20260814-012754/main/round-02/row-02-auto-k1-cxl/logs/xindex_a_hotset-use-target_r1.log
main,02,2,auto-k1,xindex,a,hotset-use-target,1,remote,300.001,59.9999,857734889,1.42956e+07,4552270369,1.51742e+07,0,/home/shin/arbiter/build/arbiter-bench/hotset-auto-overnight-20260814-012754/main/round-02/row-02-auto-k1-cxl/logs/xindex_a_hotset-use-target_r1.log
main,02,2,auto-k1,xindex,a,hotset-use-target,1,remote,360,59.9993,857070638,1.42847e+07,5409341007,1.50259e+07,0,/home/shin/arbiter/build/arbiter-bench/hotset-auto-overnight-20260814-012754/main/round-02/row-02-auto-k1-cxl/logs/xindex_a_hotset-use-target_r1.log
main,02,2,auto-k1,xindex,a,hotset-use-target,1,remote,420.001,60.0007,857458904,1.42908e+07,6266799911,1.49209e+07,0,/home/shin/arbiter/build/arbiter-bench/hotset-auto-overnight-20260814-012754/main/round-02/row-02-auto-k1-cxl/logs/xindex_a_hotset-use-target_r1.log
main,02,2,auto-k1,xindex,a,hotset-use-target,1,remote,480.001,59.9996,857646552,1.42942e+07,7124446463,1.48426e+07,0,/home/shin/arbiter/build/arbiter-bench/hotset-auto-overnight-20260814-012754/main/round-02/row-02-auto-k1-cxl/logs/xindex_a_hotset-use-target_r1.log
main,02,2,auto-k1,xindex,a,hotset-use-target,1,remote,540.001,60.0002,857458136,1.42909e+07,7981904599,1.47813e+07,0,/home/shin/arbiter/build/arbiter-bench/hotset-auto-overnight-20260814-012754/main/round-02/row-02-auto-k1-cxl/logs/xindex_a_hotset-use-target_r1.log
main,02,2,auto-k1,xindex,a,hotset-use-target,1,remote,600.001,59.9999,858589127,1.43098e+07,8840493726,1.47341e+07,0,/home/shin/arbiter/build/arbiter-bench/hotset-auto-overnight-20260814-012754/main/round-02/row-02-auto-k1-cxl/logs/xindex_a_hotset-use-target_r1.log
main,02,2,auto-k1,xindex,a,hotset-use-target,1,remote,660.001,60,857413444,1.42902e+07,9697907170,1.46938e+07,0,/home/shin/arbiter/build/arbiter-bench/hotset-auto-overnight-20260814-012754/main/round-02/row-02-auto-k1-cxl/logs/xindex_a_hotset-use-target_r1.log
main,02,2,auto-k1,xindex,a,hotset-use-target,1,remote,720.001,60,858335704,1.43056e+07,10556242874,1.46614e+07,0,/home/shin/arbiter/build/arbiter-bench/hotset-auto-overnight-20260814-012754/main/round-02/row-02-auto-k1-cxl/logs/xindex_a_hotset-use-target_r1.log
main,02,2,auto-k1,xindex,a,hotset-use-target,1,remote,780.001,60.0001,858047209,1.43008e+07,11414290083,1.46337e+07,0,/home/shin/arbiter/build/arbiter-bench/hotset-auto-overnight-20260814-012754/main/round-02/row-02-auto-k1-cxl/logs/xindex_a_hotset-use-target_r1.log
main,02,2,auto-k1,xindex,a,hotset-use-target,1,remote,840.003,60.0025,857503869,1.42911e+07,12271793952,1.46092e+07,0,/home/shin/arbiter/build/arbiter-bench/hotset-auto-overnight-20260814-012754/main/round-02/row-02-auto-k1-cxl/logs/xindex_a_hotset-use-target_r1.log
main,02,2,auto-k1,xindex,a,hotset-use-target,1,remote,900.069,60.0659,856824371,1.42647e+07,13128618323,1.45862e+07,1,/home/shin/arbiter/build/arbiter-bench/hotset-auto-overnight-20260814-012754/main/round-02/row-02-auto-k1-cxl/logs/xindex_a_hotset-use-target_r1.log
main,02,3,native,xindex,a,native,1,native,60.0007,60.0007,1006620251,1.67768e+07,1006620251,1.67768e+07,0,/home/shin/arbiter/build/arbiter-bench/hotset-auto-overnight-20260814-012754/main/round-02/row-03-native-native/logs/xindex_a_native_r1.log
main,02,3,native,xindex,a,native,1,native,120.001,60.0005,761654852,1.26941e+07,1768275103,1.47355e+07,0,/home/shin/arbiter/build/arbiter-bench/hotset-auto-overnight-20260814-012754/main/round-02/row-03-native-native/logs/xindex_a_native_r1.log
main,02,3,native,xindex,a,native,1,native,180.001,60,761459598,1.2691e+07,2529734701,1.4054e+07,0,/home/shin/arbiter/build/arbiter-bench/hotset-auto-overnight-20260814-012754/main/round-02/row-03-native-native/logs/xindex_a_native_r1.log
main,02,3,native,xindex,a,native,1,native,240.001,59.9996,761653350,1.26943e+07,3291388051,1.37141e+07,0,/home/shin/arbiter/build/arbiter-bench/hotset-auto-overnight-20260814-012754/main/round-02/row-03-native-native/logs/xindex_a_native_r1.log
main,02,3,native,xindex,a,native,1,native,300.001,60.0004,760925360,1.2682e+07,4052313411,1.35077e+07,0,/home/shin/arbiter/build/arbiter-bench/hotset-auto-overnight-20260814-012754/main/round-02/row-03-native-native/logs/xindex_a_native_r1.log
main,02,3,native,xindex,a,native,1,native,360.001,60,760857515,1.2681e+07,4813170926,1.33699e+07,0,/home/shin/arbiter/build/arbiter-bench/hotset-auto-overnight-20260814-012754/main/round-02/row-03-native-native/logs/xindex_a_native_r1.log
main,02,3,native,xindex,a,native,1,native,420.001,59.9999,761053599,1.26842e+07,5574224525,1.32719e+07,0,/home/shin/arbiter/build/arbiter-bench/hotset-auto-overnight-20260814-012754/main/round-02/row-03-native-native/logs/xindex_a_native_r1.log
main,02,3,native,xindex,a,native,1,native,480.001,59.9997,761624917,1.26938e+07,6335849442,1.31997e+07,0,/home/shin/arbiter/build/arbiter-bench/hotset-auto-overnight-20260814-012754/main/round-02/row-03-native-native/logs/xindex_a_native_r1.log
main,02,3,native,xindex,a,native,1,native,540.001,60.0004,761016422,1.26835e+07,7096865864,1.31423e+07,0,/home/shin/arbiter/build/arbiter-bench/hotset-auto-overnight-20260814-012754/main/round-02/row-03-native-native/logs/xindex_a_native_r1.log
main,02,3,native,xindex,a,native,1,native,600.001,59.9997,761080127,1.26847e+07,7857945991,1.30966e+07,0,/home/shin/arbiter/build/arbiter-bench/hotset-auto-overnight-20260814-012754/main/round-02/row-03-native-native/logs/xindex_a_native_r1.log
main,02,3,native,xindex,a,native,1,native,660.001,60.0002,760540956,1.26756e+07,8618486947,1.30583e+07,0,/home/shin/arbiter/build/arbiter-bench/hotset-auto-overnight-20260814-012754/main/round-02/row-03-native-native/logs/xindex_a_native_r1.log
main,02,3,native,xindex,a,native,1,native,720.001,60.0004,760709353,1.26784e+07,9379196300,1.30266e+07,0,/home/shin/arbiter/build/arbiter-bench/hotset-auto-overnight-20260814-012754/main/round-02/row-03-native-native/logs/xindex_a_native_r1.log
main,02,3,native,xindex,a,native,1,native,780.001,59.9997,760833695,1.26806e+07,10140029995,1.3e+07,0,/home/shin/arbiter/build/arbiter-bench/hotset-auto-overnight-20260814-012754/main/round-02/row-03-native-native/logs/xindex_a_native_r1.log
main,02,3,native,xindex,a,native,1,native,840.001,59.9997,761511538,1.26919e+07,10901541533,1.2978e+07,0,/home/shin/arbiter/build/arbiter-bench/hotset-auto-overnight-20260814-012754/main/round-02/row-03-native-native/logs/xindex_a_native_r1.log
main,02,3,native,xindex,a,native,1,native,900.065,60.0646,760811861,1.26666e+07,11662353394,1.29572e+07,1,/home/shin/arbiter/build/arbiter-bench/hotset-auto-overnight-20260814-012754/main/round-02/row-03-native-native/logs/xindex_a_native_r1.log
main,03,1,auto-k1,xindex,a,hotset-use-target,1,remote,60.0013,60.0013,1124967418,1.87491e+07,1124967418,1.87491e+07,0,/home/shin/arbiter/build/arbiter-bench/hotset-auto-overnight-20260814-012754/main/round-03/row-01-auto-k1-cxl/logs/xindex_a_hotset-use-target_r1.log
main,03,1,auto-k1,xindex,a,hotset-use-target,1,remote,120.001,59.9999,894581635,1.49097e+07,2019549053,1.68294e+07,0,/home/shin/arbiter/build/arbiter-bench/hotset-auto-overnight-20260814-012754/main/round-03/row-01-auto-k1-cxl/logs/xindex_a_hotset-use-target_r1.log
main,03,1,auto-k1,xindex,a,hotset-use-target,1,remote,180.001,60,894766723,1.49128e+07,2914315776,1.61905e+07,0,/home/shin/arbiter/build/arbiter-bench/hotset-auto-overnight-20260814-012754/main/round-03/row-01-auto-k1-cxl/logs/xindex_a_hotset-use-target_r1.log
main,03,1,auto-k1,xindex,a,hotset-use-target,1,remote,240.001,60,895157987,1.49193e+07,3809473763,1.58727e+07,0,/home/shin/arbiter/build/arbiter-bench/hotset-auto-overnight-20260814-012754/main/round-03/row-01-auto-k1-cxl/logs/xindex_a_hotset-use-target_r1.log
main,03,1,auto-k1,xindex,a,hotset-use-target,1,remote,300.001,59.9996,896185327,1.49365e+07,4705659090,1.56855e+07,0,/home/shin/arbiter/build/arbiter-bench/hotset-auto-overnight-20260814-012754/main/round-03/row-01-auto-k1-cxl/logs/xindex_a_hotset-use-target_r1.log
main,03,1,auto-k1,xindex,a,hotset-use-target,1,remote,360.002,60.0008,895656653,1.49274e+07,5601315743,1.55591e+07,0,/home/shin/arbiter/build/arbiter-bench/hotset-auto-overnight-20260814-012754/main/round-03/row-01-auto-k1-cxl/logs/xindex_a_hotset-use-target_r1.log
main,03,1,auto-k1,xindex,a,hotset-use-target,1,remote,420.004,60.0025,894541738,1.49084e+07,6495857481,1.54662e+07,0,/home/shin/arbiter/build/arbiter-bench/hotset-auto-overnight-20260814-012754/main/round-03/row-01-auto-k1-cxl/logs/xindex_a_hotset-use-target_r1.log
main,03,1,auto-k1,xindex,a,hotset-use-target,1,remote,480.001,59.9974,894304131,1.49057e+07,7390161612,1.53961e+07,0,/home/shin/arbiter/build/arbiter-bench/hotset-auto-overnight-20260814-012754/main/round-03/row-01-auto-k1-cxl/logs/xindex_a_hotset-use-target_r1.log
main,03,1,auto-k1,xindex,a,hotset-use-target,1,remote,540.003,60.0016,895829965,1.49301e+07,8285991577,1.53443e+07,0,/home/shin/arbiter/build/arbiter-bench/hotset-auto-overnight-20260814-012754/main/round-03/row-01-auto-k1-cxl/logs/xindex_a_hotset-use-target_r1.log
main,03,1,auto-k1,xindex,a,hotset-use-target,1,remote,600.001,59.9979,894715710,1.49125e+07,9180707287,1.53012e+07,0,/home/shin/arbiter/build/arbiter-bench/hotset-auto-overnight-20260814-012754/main/round-03/row-01-auto-k1-cxl/logs/xindex_a_hotset-use-target_r1.log
main,03,1,auto-k1,xindex,a,hotset-use-target,1,remote,660.001,60.0002,894894575,1.49149e+07,10075601862,1.5266e+07,0,/home/shin/arbiter/build/arbiter-bench/hotset-auto-overnight-20260814-012754/main/round-03/row-01-auto-k1-cxl/logs/xindex_a_hotset-use-target_r1.log
main,03,1,auto-k1,xindex,a,hotset-use-target,1,remote,720.001,59.9997,896202354,1.49368e+07,10971804216,1.52386e+07,0,/home/shin/arbiter/build/arbiter-bench/hotset-auto-overnight-20260814-012754/main/round-03/row-01-auto-k1-cxl/logs/xindex_a_hotset-use-target_r1.log
main,03,1,auto-k1,xindex,a,hotset-use-target,1,remote,780.002,60.0015,895799870,1.49296e+07,11867604086,1.52148e+07,0,/home/shin/arbiter/build/arbiter-bench/hotset-auto-overnight-20260814-012754/main/round-03/row-01-auto-k1-cxl/logs/xindex_a_hotset-use-target_r1.log
main,03,1,auto-k1,xindex,a,hotset-use-target,1,remote,840.002,59.9996,894494629,1.49083e+07,12762098715,1.51929e+07,0,/home/shin/arbiter/build/arbiter-bench/hotset-auto-overnight-20260814-012754/main/round-03/row-01-auto-k1-cxl/logs/xindex_a_hotset-use-target_r1.log
main,03,1,auto-k1,xindex,a,hotset-use-target,1,remote,900.064,60.0619,892837416,1.48653e+07,13654936131,1.51711e+07,1,/home/shin/arbiter/build/arbiter-bench/hotset-auto-overnight-20260814-012754/main/round-03/row-01-auto-k1-cxl/logs/xindex_a_hotset-use-target_r1.log
main,03,2,native,xindex,a,native,1,native,60.0013,60.0013,1019601977,1.6993e+07,1019601977,1.6993e+07,0,/home/shin/arbiter/build/arbiter-bench/hotset-auto-overnight-20260814-012754/main/round-03/row-02-native-native/logs/xindex_a_native_r1.log
main,03,2,native,xindex,a,native,1,native,120.001,59.9999,748582332,1.24764e+07,1768184309,1.47347e+07,0,/home/shin/arbiter/build/arbiter-bench/hotset-auto-overnight-20260814-012754/main/round-03/row-02-native-native/logs/xindex_a_native_r1.log
main,03,2,native,xindex,a,native,1,native,180.001,60.0001,748056843,1.24676e+07,2516241152,1.3979e+07,0,/home/shin/arbiter/build/arbiter-bench/hotset-auto-overnight-20260814-012754/main/round-03/row-02-native-native/logs/xindex_a_native_r1.log
main,03,2,native,xindex,a,native,1,native,240.001,59.9996,747962408,1.24661e+07,3264203560,1.36008e+07,0,/home/shin/arbiter/build/arbiter-bench/hotset-auto-overnight-20260814-012754/main/round-03/row-02-native-native/logs/xindex_a_native_r1.log
main,03,2,native,xindex,a,native,1,native,300.001,60.0003,747320582,1.24553e+07,4011524142,1.33717e+07,0,/home/shin/arbiter/build/arbiter-bench/hotset-auto-overnight-20260814-012754/main/round-03/row-02-native-native/logs/xindex_a_native_r1.log
main,03,2,native,xindex,a,native,1,native,360.001,60,748228210,1.24705e+07,4759752352,1.32215e+07,0,/home/shin/arbiter/build/arbiter-bench/hotset-auto-overnight-20260814-012754/main/round-03/row-02-native-native/logs/xindex_a_native_r1.log
main,03,2,native,xindex,a,native,1,native,420.001,59.9999,748223169,1.24704e+07,5507975521,1.31142e+07,0,/home/shin/arbiter/build/arbiter-bench/hotset-auto-overnight-20260814-012754/main/round-03/row-02-native-native/logs/xindex_a_native_r1.log
main,03,2,native,xindex,a,native,1,native,480.001,60,748092877,1.24682e+07,6256068398,1.30334e+07,0,/home/shin/arbiter/build/arbiter-bench/hotset-auto-overnight-20260814-012754/main/round-03/row-02-native-native/logs/xindex_a_native_r1.log
main,03,2,native,xindex,a,native,1,native,540.001,60.0001,748379415,1.2473e+07,7004447813,1.29712e+07,0,/home/shin/arbiter/build/arbiter-bench/hotset-auto-overnight-20260814-012754/main/round-03/row-02-native-native/logs/xindex_a_native_r1.log
main,03,2,native,xindex,a,native,1,native,600.001,60.0001,747283917,1.24547e+07,7751731730,1.29195e+07,0,/home/shin/arbiter/build/arbiter-bench/hotset-auto-overnight-20260814-012754/main/round-03/row-02-native-native/logs/xindex_a_native_r1.log
main,03,2,native,xindex,a,native,1,native,660.001,59.9999,748556555,1.2476e+07,8500288285,1.28792e+07,0,/home/shin/arbiter/build/arbiter-bench/hotset-auto-overnight-20260814-012754/main/round-03/row-02-native-native/logs/xindex_a_native_r1.log
main,03,2,native,xindex,a,native,1,native,720.001,59.9996,747714088,1.2462e+07,9248002373,1.28444e+07,0,/home/shin/arbiter/build/arbiter-bench/hotset-auto-overnight-20260814-012754/main/round-03/row-02-native-native/logs/xindex_a_native_r1.log
main,03,2,native,xindex,a,native,1,native,780.001,60,747288252,1.24548e+07,9995290625,1.28145e+07,0,/home/shin/arbiter/build/arbiter-bench/hotset-auto-overnight-20260814-012754/main/round-03/row-02-native-native/logs/xindex_a_native_r1.log
main,03,2,native,xindex,a,native,1,native,840.001,60.0007,746865852,1.24476e+07,10742156477,1.27883e+07,0,/home/shin/arbiter/build/arbiter-bench/hotset-auto-overnight-20260814-012754/main/round-03/row-02-native-native/logs/xindex_a_native_r1.log
main,03,2,native,xindex,a,native,1,native,900.066,60.0642,747473539,1.24446e+07,11489630016,1.27653e+07,1,/home/shin/arbiter/build/arbiter-bench/hotset-auto-overnight-20260814-012754/main/round-03/row-02-native-native/logs/xindex_a_native_r1.log
main,03,3,auto-k1,xindex,a,hotset-use-local,1,local,60.0016,60.0016,969438515,1.61569e+07,969438515,1.61569e+07,0,/home/shin/arbiter/build/arbiter-bench/hotset-auto-overnight-20260814-012754/main/round-03/row-03-auto-k1-local/logs/xindex_a_hotset-use-local_r1.log
main,03,3,auto-k1,xindex,a,hotset-use-local,1,local,120.001,59.9997,754347122,1.25725e+07,1723785637,1.43647e+07,0,/home/shin/arbiter/build/arbiter-bench/hotset-auto-overnight-20260814-012754/main/round-03/row-03-auto-k1-local/logs/xindex_a_hotset-use-local_r1.log
main,03,3,auto-k1,xindex,a,hotset-use-local,1,local,180.001,59.9996,753753793,1.25626e+07,2477539430,1.3764e+07,0,/home/shin/arbiter/build/arbiter-bench/hotset-auto-overnight-20260814-012754/main/round-03/row-03-auto-k1-local/logs/xindex_a_hotset-use-local_r1.log
main,03,3,auto-k1,xindex,a,hotset-use-local,1,local,240.001,60.0001,754556058,1.25759e+07,3232095488,1.3467e+07,0,/home/shin/arbiter/build/arbiter-bench/hotset-auto-overnight-20260814-012754/main/round-03/row-03-auto-k1-local/logs/xindex_a_hotset-use-local_r1.log
main,03,3,auto-k1,xindex,a,hotset-use-local,1,local,300.002,60.0012,754151191,1.25689e+07,3986246679,1.32874e+07,0,/home/shin/arbiter/build/arbiter-bench/hotset-auto-overnight-20260814-012754/main/round-03/row-03-auto-k1-local/logs/xindex_a_hotset-use-local_r1.log
main,03,3,auto-k1,xindex,a,hotset-use-local,1,local,360.001,59.9989,754031297,1.25674e+07,4740277976,1.31674e+07,0,/home/shin/arbiter/build/arbiter-bench/hotset-auto-overnight-20260814-012754/main/round-03/row-03-auto-k1-local/logs/xindex_a_hotset-use-local_r1.log
main,03,3,auto-k1,xindex,a,hotset-use-local,1,local,420.001,59.9999,753959430,1.2566e+07,5494237406,1.30815e+07,0,/home/shin/arbiter/build/arbiter-bench/hotset-auto-overnight-20260814-012754/main/round-03/row-03-auto-k1-local/logs/xindex_a_hotset-use-local_r1.log
main,03,3,auto-k1,xindex,a,hotset-use-local,1,local,480.001,60,754848870,1.25808e+07,6249086276,1.30189e+07,0,/home/shin/arbiter/build/arbiter-bench/hotset-auto-overnight-20260814-012754/main/round-03/row-03-auto-k1-local/logs/xindex_a_hotset-use-local_r1.log
main,03,3,auto-k1,xindex,a,hotset-use-local,1,local,540.001,60.0002,754822042,1.25803e+07,7003908318,1.29702e+07,0,/home/shin/arbiter/build/arbiter-bench/hotset-auto-overnight-20260814-012754/main/round-03/row-03-auto-k1-local/logs/xindex_a_hotset-use-local_r1.log
main,03,3,auto-k1,xindex,a,hotset-use-local,1,local,600.001,60.0001,755242189,1.25873e+07,7759150507,1.29319e+07,0,/home/shin/arbiter/build/arbiter-bench/hotset-auto-overnight-20260814-012754/main/round-03/row-03-auto-k1-local/logs/xindex_a_hotset-use-local_r1.log
main,03,3,auto-k1,xindex,a,hotset-use-local,1,local,660.001,60,754874635,1.25812e+07,8514025142,1.29e+07,0,/home/shin/arbiter/build/arbiter-bench/hotset-auto-overnight-20260814-012754/main/round-03/row-03-auto-k1-local/logs/xindex_a_hotset-use-local_r1.log
main,03,3,auto-k1,xindex,a,hotset-use-local,1,local,720.001,60.0001,755385953,1.25897e+07,9269411095,1.28742e+07,0,/home/shin/arbiter/build/arbiter-bench/hotset-auto-overnight-20260814-012754/main/round-03/row-03-auto-k1-local/logs/xindex_a_hotset-use-local_r1.log
main,03,3,auto-k1,xindex,a,hotset-use-local,1,local,780.001,59.9995,754490874,1.2575e+07,10023901969,1.28511e+07,0,/home/shin/arbiter/build/arbiter-bench/hotset-auto-overnight-20260814-012754/main/round-03/row-03-auto-k1-local/logs/xindex_a_hotset-use-local_r1.log
main,03,3,auto-k1,xindex,a,hotset-use-local,1,local,840.001,60.0002,755517389,1.25919e+07,10779419358,1.28326e+07,0,/home/shin/arbiter/build/arbiter-bench/hotset-auto-overnight-20260814-012754/main/round-03/row-03-auto-k1-local/logs/xindex_a_hotset-use-local_r1.log
main,03,3,auto-k1,xindex,a,hotset-use-local,1,local,900.068,60.0666,755042389,1.25701e+07,11534461747,1.28151e+07,1,/home/shin/arbiter/build/arbiter-bench/hotset-auto-overnight-20260814-012754/main/round-03/row-03-auto-k1-local/logs/xindex_a_hotset-use-local_r1.log
main,04,1,native,xindex,a,native,1,native,60.0045,60.0045,1026454369,1.71063e+07,1026454369,1.71063e+07,0,/home/shin/arbiter/build/arbiter-bench/hotset-auto-overnight-20260814-012754/main/round-04/row-01-native-native/logs/xindex_a_native_r1.log
main,04,1,native,xindex,a,native,1,native,120.001,59.9968,751529773,1.25262e+07,1777984142,1.48164e+07,0,/home/shin/arbiter/build/arbiter-bench/hotset-auto-overnight-20260814-012754/main/round-04/row-01-native-native/logs/xindex_a_native_r1.log
main,04,1,native,xindex,a,native,1,native,180.001,60,750534155,1.25089e+07,2528518297,1.40472e+07,0,/home/shin/arbiter/build/arbiter-bench/hotset-auto-overnight-20260814-012754/main/round-04/row-01-native-native/logs/xindex_a_native_r1.log
main,04,1,native,xindex,a,native,1,native,240.001,60,751359238,1.25227e+07,3279877535,1.36661e+07,0,/home/shin/arbiter/build/arbiter-bench/hotset-auto-overnight-20260814-012754/main/round-04/row-01-native-native/logs/xindex_a_native_r1.log
main,04,1,native,xindex,a,native,1,native,300.001,60.0002,751286994,1.25214e+07,4031164529,1.34371e+07,0,/home/shin/arbiter/build/arbiter-bench/hotset-auto-overnight-20260814-012754/main/round-04/row-01-native-native/logs/xindex_a_native_r1.log
main,04,1,native,xindex,a,native,1,native,360.001,59.9995,751280390,1.25214e+07,4782444919,1.32845e+07,0,/home/shin/arbiter/build/arbiter-bench/hotset-auto-overnight-20260814-012754/main/round-04/row-01-native-native/logs/xindex_a_native_r1.log
main,04,1,native,xindex,a,native,1,native,420.001,60.0004,751747521,1.2529e+07,5534192440,1.31766e+07,0,/home/shin/arbiter/build/arbiter-bench/hotset-auto-overnight-20260814-012754/main/round-04/row-01-native-native/logs/xindex_a_native_r1.log
main,04,1,native,xindex,a,native,1,native,480.001,59.9999,751485150,1.25248e+07,6285677590,1.30951e+07,0,/home/shin/arbiter/build/arbiter-bench/hotset-auto-overnight-20260814-012754/main/round-04/row-01-native-native/logs/xindex_a_native_r1.log
main,04,1,native,xindex,a,native,1,native,540.001,59.9996,750784068,1.25131e+07,7036461658,1.30305e+07,0,/home/shin/arbiter/build/arbiter-bench/hotset-auto-overnight-20260814-012754/main/round-04/row-01-native-native/logs/xindex_a_native_r1.log
main,04,1,native,xindex,a,native,1,native,600.001,60.0001,751461916,1.25243e+07,7787923574,1.29799e+07,0,/home/shin/arbiter/build/arbiter-bench/hotset-auto-overnight-20260814-012754/main/round-04/row-01-native-native/logs/xindex_a_native_r1.log
main,04,1,native,xindex,a,native,1,native,660.001,60.0001,751435617,1.25239e+07,8539359191,1.29384e+07,0,/home/shin/arbiter/build/arbiter-bench/hotset-auto-overnight-20260814-012754/main/round-04/row-01-native-native/logs/xindex_a_native_r1.log
main,04,1,native,xindex,a,native,1,native,720.001,60.0002,751567991,1.25261e+07,9290927182,1.2904e+07,0,/home/shin/arbiter/build/arbiter-bench/hotset-auto-overnight-20260814-012754/main/round-04/row-01-native-native/logs/xindex_a_native_r1.log
main,04,1,native,xindex,a,native,1,native,780.001,59.9998,751547580,1.25258e+07,10042474762,1.28749e+07,0,/home/shin/arbiter/build/arbiter-bench/hotset-auto-overnight-20260814-012754/main/round-04/row-01-native-native/logs/xindex_a_native_r1.log
main,04,1,native,xindex,a,native,1,native,840.001,60.0002,751769446,1.25295e+07,10794244208,1.28503e+07,0,/home/shin/arbiter/build/arbiter-bench/hotset-auto-overnight-20260814-012754/main/round-04/row-01-native-native/logs/xindex_a_native_r1.log
main,04,1,native,xindex,a,native,1,native,900.067,60.0655,751262049,1.25074e+07,11545506257,1.28274e+07,1,/home/shin/arbiter/build/arbiter-bench/hotset-auto-overnight-20260814-012754/main/round-04/row-01-native-native/logs/xindex_a_native_r1.log
main,04,2,auto-k1,xindex,a,hotset-use-target,1,remote,60.0037,60.0037,1211925993,2.01975e+07,1211925993,2.01975e+07,0,/home/shin/arbiter/build/arbiter-bench/hotset-auto-overnight-20260814-012754/main/round-04/row-02-auto-k1-cxl/logs/xindex_a_hotset-use-target_r1.log
main,04,2,auto-k1,xindex,a,hotset-use-target,1,remote,120.001,59.9976,897402573,1.49573e+07,2109328566,1.75775e+07,0,/home/shin/arbiter/build/arbiter-bench/hotset-auto-overnight-20260814-012754/main/round-04/row-02-auto-k1-cxl/logs/xindex_a_hotset-use-target_r1.log
main,04,2,auto-k1,xindex,a,hotset-use-target,1,remote,180.001,59.9997,897694265,1.49616e+07,3007022831,1.67056e+07,0,/home/shin/arbiter/build/arbiter-bench/hotset-auto-overnight-20260814-012754/main/round-04/row-02-auto-k1-cxl/logs/xindex_a_hotset-use-target_r1.log
main,04,2,auto-k1,xindex,a,hotset-use-target,1,remote,240.001,60.0001,896601128,1.49433e+07,3903623959,1.6265e+07,0,/home/shin/arbiter/build/arbiter-bench/hotset-auto-overnight-20260814-012754/main/round-04/row-02-auto-k1-cxl/logs/xindex_a_hotset-use-target_r1.log
main,04,2,auto-k1,xindex,a,hotset-use-target,1,remote,300.001,59.9998,896489785,1.49415e+07,4800113744,1.60003e+07,0,/home/shin/arbiter/build/arbiter-bench/hotset-auto-overnight-20260814-012754/main/round-04/row-02-auto-k1-cxl/logs/xindex_a_hotset-use-target_r1.log
main,04,2,auto-k1,xindex,a,hotset-use-target,1,remote,360.001,60.0003,896742110,1.49456e+07,5696855854,1.58245e+07,0,/home/shin/arbiter/build/arbiter-bench/hotset-auto-overnight-20260814-012754/main/round-04/row-02-auto-k1-cxl/logs/xindex_a_hotset-use-target_r1.log
main,04,2,auto-k1,xindex,a,hotset-use-target,1,remote,420.004,60.0024,898173736,1.4969e+07,6595029590,1.57023e+07,0,/home/shin/arbiter/build/arbiter-bench/hotset-auto-overnight-20260814-012754/main/round-04/row-02-auto-k1-cxl/logs/xindex_a_hotset-use-target_r1.log
main,04,2,auto-k1,xindex,a,hotset-use-target,1,remote,480,59.9969,897609091,1.49609e+07,7492638681,1.56096e+07,0,/home/shin/arbiter/build/arbiter-bench/hotset-auto-overnight-20260814-012754/main/round-04/row-02-auto-k1-cxl/logs/xindex_a_hotset-use-target_r1.log
main,04,2,auto-k1,xindex,a,hotset-use-target,1,remote,540.001,60.0002,896979075,1.49496e+07,8389617756,1.55363e+07,0,/home/shin/arbiter/build/arbiter-bench/hotset-auto-overnight-20260814-012754/main/round-04/row-02-auto-k1-cxl/logs/xindex_a_hotset-use-target_r1.log
main,04,2,auto-k1,xindex,a,hotset-use-target,1,remote,600.001,60,897492958,1.49582e+07,9287110714,1.54785e+07,0,/home/shin/arbiter/build/arbiter-bench/hotset-auto-overnight-20260814-012754/main/round-04/row-02-auto-k1-cxl/logs/xindex_a_hotset-use-target_r1.log
main,04,2,auto-k1,xindex,a,hotset-use-target,1,remote,660.001,60.0002,896926686,1.49487e+07,10184037400,1.54303e+07,0,/home/shin/arbiter/build/arbiter-bench/hotset-auto-overnight-20260814-012754/main/round-04/row-02-auto-k1-cxl/logs/xindex_a_hotset-use-target_r1.log
main,04,2,auto-k1,xindex,a,hotset-use-target,1,remote,720.004,60.0029,899301507,1.49876e+07,11083338907,1.53934e+07,0,/home/shin/arbiter/build/arbiter-bench/hotset-auto-overnight-20260814-012754/main/round-04/row-02-auto-k1-cxl/logs/xindex_a_hotset-use-target_r1.log
main,04,2,auto-k1,xindex,a,hotset-use-target,1,remote,780.001,59.9968,898127070,1.49696e+07,11981465977,1.53608e+07,0,/home/shin/arbiter/build/arbiter-bench/hotset-auto-overnight-20260814-012754/main/round-04/row-02-auto-k1-cxl/logs/xindex_a_hotset-use-target_r1.log
main,04,2,auto-k1,xindex,a,hotset-use-target,1,remote,840.003,60.0025,899177677,1.49857e+07,12880643654,1.5334e+07,0,/home/shin/arbiter/build/arbiter-bench/hotset-auto-overnight-20260814-012754/main/round-04/row-02-auto-k1-cxl/logs/xindex_a_hotset-use-target_r1.log
main,04,2,auto-k1,xindex,a,hotset-use-target,1,remote,900.067,60.0642,895878548,1.49154e+07,13776522202,1.53061e+07,1,/home/shin/arbiter/build/arbiter-bench/hotset-auto-overnight-20260814-012754/main/round-04/row-02-auto-k1-cxl/logs/xindex_a_hotset-use-target_r1.log
main,04,3,auto-k1,xindex,a,hotset-use-local,1,local,60.0017,60.0017,958602894,1.59763e+07,958602894,1.59763e+07,0,/home/shin/arbiter/build/arbiter-bench/hotset-auto-overnight-20260814-012754/main/round-04/row-03-auto-k1-local/logs/xindex_a_hotset-use-local_r1.log
main,04,3,auto-k1,xindex,a,hotset-use-local,1,local,120.001,59.9995,752413315,1.25403e+07,1711016209,1.42583e+07,0,/home/shin/arbiter/build/arbiter-bench/hotset-auto-overnight-20260814-012754/main/round-04/row-03-auto-k1-local/logs/xindex_a_hotset-use-local_r1.log
main,04,3,auto-k1,xindex,a,hotset-use-local,1,local,180.001,59.9996,752242972,1.25375e+07,2463259181,1.36847e+07,0,/home/shin/arbiter/build/arbiter-bench/hotset-auto-overnight-20260814-012754/main/round-04/row-03-auto-k1-local/logs/xindex_a_hotset-use-local_r1.log
main,04,3,auto-k1,xindex,a,hotset-use-local,1,local,240.001,60.0002,752183302,1.25363e+07,3215442483,1.33976e+07,0,/home/shin/arbiter/build/arbiter-bench/hotset-auto-overnight-20260814-012754/main/round-04/row-03-auto-k1-local/logs/xindex_a_hotset-use-local_r1.log
main,04,3,auto-k1,xindex,a,hotset-use-local,1,local,300.001,59.9999,752437766,1.25407e+07,3967880249,1.32262e+07,0,/home/shin/arbiter/build/arbiter-bench/hotset-auto-overnight-20260814-012754/main/round-04/row-03-auto-k1-local/logs/xindex_a_hotset-use-local_r1.log
main,04,3,auto-k1,xindex,a,hotset-use-local,1,local,360.001,60,752257490,1.25376e+07,4720137739,1.31115e+07,0,/home/shin/arbiter/build/arbiter-bench/hotset-auto-overnight-20260814-012754/main/round-04/row-03-auto-k1-local/logs/xindex_a_hotset-use-local_r1.log
main,04,3,auto-k1,xindex,a,hotset-use-local,1,local,420.001,60.0005,752354219,1.25391e+07,5472491958,1.30297e+07,0,/home/shin/arbiter/build/arbiter-bench/hotset-auto-overnight-20260814-012754/main/round-04/row-03-auto-k1-local/logs/xindex_a_hotset-use-local_r1.log
main,04,3,auto-k1,xindex,a,hotset-use-local,1,local,480.001,59.9999,753029057,1.25505e+07,6225521015,1.29698e+07,0,/home/shin/arbiter/build/arbiter-bench/hotset-auto-overnight-20260814-012754/main/round-04/row-03-auto-k1-local/logs/xindex_a_hotset-use-local_r1.log
main,04,3,auto-k1,xindex,a,hotset-use-local,1,local,540.001,59.9997,754497451,1.2575e+07,6980018466,1.29259e+07,0,/home/shin/arbiter/build/arbiter-bench/hotset-auto-overnight-20260814-012754/main/round-04/row-03-auto-k1-local/logs/xindex_a_hotset-use-local_r1.log
main,04,3,auto-k1,xindex,a,hotset-use-local,1,local,600.004,60.0028,755055570,1.25837e+07,7735074036,1.28917e+07,0,/home/shin/arbiter/build/arbiter-bench/hotset-auto-overnight-20260814-012754/main/round-04/row-03-auto-k1-local/logs/xindex_a_hotset-use-local_r1.log
main,04,3,auto-k1,xindex,a,hotset-use-local,1,local,660.001,59.9974,753901978,1.25656e+07,8488976014,1.28621e+07,0,/home/shin/arbiter/build/arbiter-bench/hotset-auto-overnight-20260814-012754/main/round-04/row-03-auto-k1-local/logs/xindex_a_hotset-use-local_r1.log
main,04,3,auto-k1,xindex,a,hotset-use-local,1,local,720.001,59.9998,754070300,1.25679e+07,9243046314,1.28375e+07,0,/home/shin/arbiter/build/arbiter-bench/hotset-auto-overnight-20260814-012754/main/round-04/row-03-auto-k1-local/logs/xindex_a_hotset-use-local_r1.log
main,04,3,auto-k1,xindex,a,hotset-use-local,1,local,780.002,60.0011,753502635,1.25581e+07,9996548949,1.28161e+07,0,/home/shin/arbiter/build/arbiter-bench/hotset-auto-overnight-20260814-012754/main/round-04/row-03-auto-k1-local/logs/xindex_a_hotset-use-local_r1.log
main,04,3,auto-k1,xindex,a,hotset-use-local,1,local,840.001,59.9992,754094529,1.25684e+07,10750643478,1.27984e+07,0,/home/shin/arbiter/build/arbiter-bench/hotset-auto-overnight-20260814-012754/main/round-04/row-03-auto-k1-local/logs/xindex_a_hotset-use-local_r1.log
main,04,3,auto-k1,xindex,a,hotset-use-local,1,local,900.066,60.065,753190241,1.25396e+07,11503833719,1.27811e+07,1,/home/shin/arbiter/build/arbiter-bench/hotset-auto-overnight-20260814-012754/main/round-04/row-03-auto-k1-local/logs/xindex_a_hotset-use-local_r1.log
main,05,1,auto-k1,xindex,a,hotset-use-target,1,remote,60.0039,60.0039,1112240287,1.85361e+07,1112240287,1.85361e+07,0,/home/shin/arbiter/build/arbiter-bench/hotset-auto-overnight-20260814-012754/main/round-05/row-01-auto-k1-cxl/logs/xindex_a_hotset-use-target_r1.log
main,05,1,auto-k1,xindex,a,hotset-use-target,1,remote,120.001,59.9972,786822628,1.31143e+07,1899062915,1.58254e+07,0,/home/shin/arbiter/build/arbiter-bench/hotset-auto-overnight-20260814-012754/main/round-05/row-01-auto-k1-cxl/logs/xindex_a_hotset-use-target_r1.log
main,05,1,auto-k1,xindex,a,hotset-use-target,1,remote,180.001,60.0002,787376600,1.31229e+07,2686439515,1.49246e+07,0,/home/shin/arbiter/build/arbiter-bench/hotset-auto-overnight-20260814-012754/main/round-05/row-01-auto-k1-cxl/logs/xindex_a_hotset-use-target_r1.log
main,05,1,auto-k1,xindex,a,hotset-use-target,1,remote,240.001,59.9993,786659510,1.31111e+07,3473099025,1.44712e+07,0,/home/shin/arbiter/build/arbiter-bench/hotset-auto-overnight-20260814-012754/main/round-05/row-01-auto-k1-cxl/logs/xindex_a_hotset-use-target_r1.log
main,05,1,auto-k1,xindex,a,hotset-use-target,1,remote,300.004,60.0029,787146604,1.31185e+07,4260245629,1.42007e+07,0,/home/shin/arbiter/build/arbiter-bench/hotset-auto-overnight-20260814-012754/main/round-05/row-01-auto-k1-cxl/logs/xindex_a_hotset-use-target_r1.log
main,05,1,auto-k1,xindex,a,hotset-use-target,1,remote,360.002,59.9989,787265821,1.31213e+07,5047511450,1.40208e+07,0,/home/shin/arbiter/build/arbiter-bench/hotset-auto-overnight-20260814-012754/main/round-05/row-01-auto-k1-cxl/logs/xindex_a_hotset-use-target_r1.log
main,05,1,auto-k1,xindex,a,hotset-use-target,1,remote,420.001,59.9985,785940588,1.30993e+07,5833452038,1.38891e+07,0,/home/shin/arbiter/build/arbiter-bench/hotset-auto-overnight-20260814-012754/main/round-05/row-01-auto-k1-cxl/logs/xindex_a_hotset-use-target_r1.log
main,05,1,auto-k1,xindex,a,hotset-use-target,1,remote,480.001,60.0003,785831367,1.30971e+07,6619283405,1.37901e+07,0,/home/shin/arbiter/build/arbiter-bench/hotset-auto-overnight-20260814-012754/main/round-05/row-01-auto-k1-cxl/logs/xindex_a_hotset-use-target_r1.log
main,05,1,auto-k1,xindex,a,hotset-use-target,1,remote,540.001,59.9998,786793171,1.31133e+07,7406076576,1.37149e+07,0,/home/shin/arbiter/build/arbiter-bench/hotset-auto-overnight-20260814-012754/main/round-05/row-01-auto-k1-cxl/logs/xindex_a_hotset-use-target_r1.log
main,05,1,auto-k1,xindex,a,hotset-use-target,1,remote,600.003,60.0016,785894343,1.30979e+07,8191970919,1.36532e+07,0,/home/shin/arbiter/build/arbiter-bench/hotset-auto-overnight-20260814-012754/main/round-05/row-01-auto-k1-cxl/logs/xindex_a_hotset-use-target_r1.log
main,05,1,auto-k1,xindex,a,hotset-use-target,1,remote,660.003,60.0006,787038828,1.31172e+07,8979009747,1.36045e+07,0,/home/shin/arbiter/build/arbiter-bench/hotset-auto-overnight-20260814-012754/main/round-05/row-01-auto-k1-cxl/logs/xindex_a_hotset-use-target_r1.log
main,05,1,auto-k1,xindex,a,hotset-use-target,1,remote,720.001,59.9978,787059911,1.31181e+07,9766069658,1.3564e+07,0,/home/shin/arbiter/build/arbiter-bench/hotset-auto-overnight-20260814-012754/main/round-05/row-01-auto-k1-cxl/logs/xindex_a_hotset-use-target_r1.log
main,05,1,auto-k1,xindex,a,hotset-use-target,1,remote,780.001,60.0003,787920413,1.31319e+07,10553990071,1.35307e+07,0,/home/shin/arbiter/build/arbiter-bench/hotset-auto-overnight-20260814-012754/main/round-05/row-01-auto-k1-cxl/logs/xindex_a_hotset-use-target_r1.log
main,05,1,auto-k1,xindex,a,hotset-use-target,1,remote,840.001,59.9998,787837713,1.31307e+07,11341827784,1.35022e+07,0,/home/shin/arbiter/build/arbiter-bench/hotset-auto-overnight-20260814-012754/main/round-05/row-01-auto-k1-cxl/logs/xindex_a_hotset-use-target_r1.log
main,05,1,auto-k1,xindex,a,hotset-use-target,1,remote,900.065,60.0639,787806390,1.31161e+07,12129634174,1.34764e+07,1,/home/shin/arbiter/build/arbiter-bench/hotset-auto-overnight-20260814-012754/main/round-05/row-01-auto-k1-cxl/logs/xindex_a_hotset-use-target_r1.log
main,05,2,auto-k1,xindex,a,hotset-use-local,1,local,60.0011,60.0011,1034009008,1.72332e+07,1034009008,1.72332e+07,0,/home/shin/arbiter/build/arbiter-bench/hotset-auto-overnight-20260814-012754/main/round-05/row-02-auto-k1-local/logs/xindex_a_hotset-use-local_r1.log
main,05,2,auto-k1,xindex,a,hotset-use-local,1,local,120.001,60.0001,782263655,1.30377e+07,1816272663,1.51355e+07,0,/home/shin/arbiter/build/arbiter-bench/hotset-auto-overnight-20260814-012754/main/round-05/row-02-auto-k1-local/logs/xindex_a_hotset-use-local_r1.log
main,05,2,auto-k1,xindex,a,hotset-use-local,1,local,180.001,60,782877656,1.3048e+07,2599150319,1.44396e+07,0,/home/shin/arbiter/build/arbiter-bench/hotset-auto-overnight-20260814-012754/main/round-05/row-02-auto-k1-local/logs/xindex_a_hotset-use-local_r1.log
main,05,2,auto-k1,xindex,a,hotset-use-local,1,local,240.001,60,782231512,1.30372e+07,3381381831,1.4089e+07,0,/home/shin/arbiter/build/arbiter-bench/hotset-auto-overnight-20260814-012754/main/round-05/row-02-auto-k1-local/logs/xindex_a_hotset-use-local_r1.log
main,05,2,auto-k1,xindex,a,hotset-use-local,1,local,300.001,60.0003,781996248,1.30332e+07,4163378079,1.38779e+07,0,/home/shin/arbiter/build/arbiter-bench/hotset-auto-overnight-20260814-012754/main/round-05/row-02-auto-k1-local/logs/xindex_a_hotset-use-local_r1.log
main,05,2,auto-k1,xindex,a,hotset-use-local,1,local,360.003,60.0017,782606205,1.30431e+07,4945984284,1.37387e+07,0,/home/shin/arbiter/build/arbiter-bench/hotset-auto-overnight-20260814-012754/main/round-05/row-02-auto-k1-local/logs/xindex_a_hotset-use-local_r1.log
main,05,2,auto-k1,xindex,a,hotset-use-local,1,local,420.001,59.9977,782986621,1.30503e+07,5728970905,1.36404e+07,0,/home/shin/arbiter/build/arbiter-bench/hotset-auto-overnight-20260814-012754/main/round-05/row-02-auto-k1-local/logs/xindex_a_hotset-use-local_r1.log
main,05,2,auto-k1,xindex,a,hotset-use-local,1,local,480.001,60.0003,782334936,1.30388e+07,6511305841,1.35652e+07,0,/home/shin/arbiter/build/arbiter-bench/hotset-auto-overnight-20260814-012754/main/round-05/row-02-auto-k1-local/logs/xindex_a_hotset-use-local_r1.log
main,05,2,auto-k1,xindex,a,hotset-use-local,1,local,540.001,59.9998,782916477,1.30487e+07,7294222318,1.35078e+07,0,/home/shin/arbiter/build/arbiter-bench/hotset-auto-overnight-20260814-012754/main/round-05/row-02-auto-k1-local/logs/xindex_a_hotset-use-local_r1.log
main,05,2,auto-k1,xindex,a,hotset-use-local,1,local,600.001,60.0002,782825080,1.3047e+07,8077047398,1.34617e+07,0,/home/shin/arbiter/build/arbiter-bench/hotset-auto-overnight-20260814-012754/main/round-05/row-02-auto-k1-local/logs/xindex_a_hotset-use-local_r1.log
main,05,2,auto-k1,xindex,a,hotset-use-local,1,local,660.001,59.9996,783237154,1.3054e+07,8860284552,1.34247e+07,0,/home/shin/arbiter/build/arbiter-bench/hotset-auto-overnight-20260814-012754/main/round-05/row-02-auto-k1-local/logs/xindex_a_hotset-use-local_r1.log
main,05,2,auto-k1,xindex,a,hotset-use-local,1,local,720.001,60.0007,782320509,1.30385e+07,9642605061,1.33925e+07,0,/home/shin/arbiter/build/arbiter-bench/hotset-auto-overnight-20260814-012754/main/round-05/row-02-auto-k1-local/logs/xindex_a_hotset-use-local_r1.log
main,05,2,auto-k1,xindex,a,hotset-use-local,1,local,780.001,59.9996,782402008,1.30401e+07,10425007069,1.33654e+07,0,/home/shin/arbiter/build/arbiter-bench/hotset-auto-overnight-20260814-012754/main/round-05/row-02-auto-k1-local/logs/xindex_a_hotset-use-local_r1.log
main,05,2,auto-k1,xindex,a,hotset-use-local,1,local,840.001,60,782861255,1.30477e+07,11207868324,1.33427e+07,0,/home/shin/arbiter/build/arbiter-bench/hotset-auto-overnight-20260814-012754/main/round-05/row-02-auto-k1-local/logs/xindex_a_hotset-use-local_r1.log
main,05,2,auto-k1,xindex,a,hotset-use-local,1,local,900.065,60.0643,782734626,1.30316e+07,11990602950,1.33219e+07,1,/home/shin/arbiter/build/arbiter-bench/hotset-auto-overnight-20260814-012754/main/round-05/row-02-auto-k1-local/logs/xindex_a_hotset-use-local_r1.log
main,05,3,native,xindex,a,native,1,native,60.0015,60.0015,973650318,1.62271e+07,973650318,1.62271e+07,0,/home/shin/arbiter/build/arbiter-bench/hotset-auto-overnight-20260814-012754/main/round-05/row-03-native-native/logs/xindex_a_native_r1.log
main,05,3,native,xindex,a,native,1,native,120.001,59.9994,777846744,1.29642e+07,1751497062,1.45957e+07,0,/home/shin/arbiter/build/arbiter-bench/hotset-auto-overnight-20260814-012754/main/round-05/row-03-native-native/logs/xindex_a_native_r1.log
main,05,3,native,xindex,a,native,1,native,180.001,60.0002,778162136,1.29693e+07,2529659198,1.40536e+07,0,/home/shin/arbiter/build/arbiter-bench/hotset-auto-overnight-20260814-012754/main/round-05/row-03-native-native/logs/xindex_a_native_r1.log
main,05,3,native,xindex,a,native,1,native,240.001,60.0004,777484499,1.2958e+07,3307143697,1.37797e+07,0,/home/shin/arbiter/build/arbiter-bench/hotset-auto-overnight-20260814-012754/main/round-05/row-03-native-native/logs/xindex_a_native_r1.log
main,05,3,native,xindex,a,native,1,native,300.001,59.9999,777005124,1.29501e+07,4084148821,1.36138e+07,0,/home/shin/arbiter/build/arbiter-bench/hotset-auto-overnight-20260814-012754/main/round-05/row-03-native-native/logs/xindex_a_native_r1.log
main,05,3,native,xindex,a,native,1,native,360.002,60.0002,777245218,1.2954e+07,4861394039,1.35038e+07,0,/home/shin/arbiter/build/arbiter-bench/hotset-auto-overnight-20260814-012754/main/round-05/row-03-native-native/logs/xindex_a_native_r1.log
main,05,3,native,xindex,a,native,1,native,420.001,59.9997,777717282,1.2962e+07,5639111321,1.34264e+07,0,/home/shin/arbiter/build/arbiter-bench/hotset-auto-overnight-20260814-012754/main/round-05/row-03-native-native/logs/xindex_a_native_r1.log
main,05,3,native,xindex,a,native,1,native,480.001,60.0002,777205567,1.29534e+07,6416316888,1.33673e+07,0,/home/shin/arbiter/build/arbiter-bench/hotset-auto-overnight-20260814-012754/main/round-05/row-03-native-native/logs/xindex_a_native_r1.log
main,05,3,native,xindex,a,native,1,native,540.001,59.9997,777016462,1.29503e+07,7193333350,1.3321e+07,0,/home/shin/arbiter/build/arbiter-bench/hotset-auto-overnight-20260814-012754/main/round-05/row-03-native-native/logs/xindex_a_native_r1.log
main,05,3,native,xindex,a,native,1,native,600.001,59.9999,778250274,1.29709e+07,7971583624,1.32859e+07,0,/home/shin/arbiter/build/arbiter-bench/hotset-auto-overnight-20260814-012754/main/round-05/row-03-native-native/logs/xindex_a_native_r1.log
main,05,3,native,xindex,a,native,1,native,660.001,60.0001,778247475,1.29708e+07,8749831099,1.32573e+07,0,/home/shin/arbiter/build/arbiter-bench/hotset-auto-overnight-20260814-012754/main/round-05/row-03-native-native/logs/xindex_a_native_r1.log
main,05,3,native,xindex,a,native,1,native,720.001,60,777314771,1.29552e+07,9527145870,1.32321e+07,0,/home/shin/arbiter/build/arbiter-bench/hotset-auto-overnight-20260814-012754/main/round-05/row-03-native-native/logs/xindex_a_native_r1.log
main,05,3,native,xindex,a,native,1,native,780.001,59.9998,777457641,1.29577e+07,10304603511,1.3211e+07,0,/home/shin/arbiter/build/arbiter-bench/hotset-auto-overnight-20260814-012754/main/round-05/row-03-native-native/logs/xindex_a_native_r1.log
main,05,3,native,xindex,a,native,1,native,840.001,60.0004,777981565,1.29663e+07,11082585076,1.31935e+07,0,/home/shin/arbiter/build/arbiter-bench/hotset-auto-overnight-20260814-012754/main/round-05/row-03-native-native/logs/xindex_a_native_r1.log
main,05,3,native,xindex,a,native,1,native,900.062,60.0605,778109235,1.29554e+07,11860694311,1.31776e+07,1,/home/shin/arbiter/build/arbiter-bench/hotset-auto-overnight-20260814-012754/main/round-05/row-03-native-native/logs/xindex_a_native_r1.log
main,06,1,auto-k1,xindex,a,hotset-use-local,1,local,60.0008,60.0008,928334331,1.5472e+07,928334331,1.5472e+07,0,/home/shin/arbiter/build/arbiter-bench/hotset-auto-overnight-20260814-012754/main/round-06/row-01-auto-k1-local/logs/xindex_a_hotset-use-local_r1.log
main,06,1,auto-k1,xindex,a,hotset-use-local,1,local,120.001,60.0003,771872125,1.28645e+07,1700206456,1.41683e+07,0,/home/shin/arbiter/build/arbiter-bench/hotset-auto-overnight-20260814-012754/main/round-06/row-01-auto-k1-local/logs/xindex_a_hotset-use-local_r1.log
main,06,1,auto-k1,xindex,a,hotset-use-local,1,local,180.001,60.0002,772908191,1.28818e+07,2473114647,1.37394e+07,0,/home/shin/arbiter/build/arbiter-bench/hotset-auto-overnight-20260814-012754/main/round-06/row-01-auto-k1-local/logs/xindex_a_hotset-use-local_r1.log
main,06,1,auto-k1,xindex,a,hotset-use-local,1,local,240.001,59.9998,773307443,1.28885e+07,3246422090,1.35267e+07,0,/home/shin/arbiter/build/arbiter-bench/hotset-auto-overnight-20260814-012754/main/round-06/row-01-auto-k1-local/logs/xindex_a_hotset-use-local_r1.log
main,06,1,auto-k1,xindex,a,hotset-use-local,1,local,300.001,59.9998,773171854,1.28862e+07,4019593944,1.33986e+07,0,/home/shin/arbiter/build/arbiter-bench/hotset-auto-overnight-20260814-012754/main/round-06/row-01-auto-k1-local/logs/xindex_a_hotset-use-local_r1.log
main,06,1,auto-k1,xindex,a,hotset-use-local,1,local,360.001,60.0005,771998276,1.28665e+07,4791592220,1.33099e+07,0,/home/shin/arbiter/build/arbiter-bench/hotset-auto-overnight-20260814-012754/main/round-06/row-01-auto-k1-local/logs/xindex_a_hotset-use-local_r1.log
main,06,1,auto-k1,xindex,a,hotset-use-local,1,local,420.001,60,771760964,1.28627e+07,5563353184,1.3246e+07,0,/home/shin/arbiter/build/arbiter-bench/hotset-auto-overnight-20260814-012754/main/round-06/row-01-auto-k1-local/logs/xindex_a_hotset-use-local_r1.log
main,06,1,auto-k1,xindex,a,hotset-use-local,1,local,480.004,60.0023,771758990,1.28622e+07,6335112174,1.3198e+07,0,/home/shin/arbiter/build/arbiter-bench/hotset-auto-overnight-20260814-012754/main/round-06/row-01-auto-k1-local/logs/xindex_a_hotset-use-local_r1.log
main,06,1,auto-k1,xindex,a,hotset-use-local,1,local,540.001,59.9974,772807640,1.28807e+07,7107919814,1.31628e+07,0,/home/shin/arbiter/build/arbiter-bench/hotset-auto-overnight-20260814-012754/main/round-06/row-01-auto-k1-local/logs/xindex_a_hotset-use-local_r1.log
main,06,1,auto-k1,xindex,a,hotset-use-local,1,local,600.003,60.002,772361114,1.28723e+07,7880280928,1.31337e+07,0,/home/shin/arbiter/build/arbiter-bench/hotset-auto-overnight-20260814-012754/main/round-06/row-01-auto-k1-local/logs/xindex_a_hotset-use-local_r1.log
main,06,1,auto-k1,xindex,a,hotset-use-local,1,local,660.001,59.9981,772494899,1.28753e+07,8652775827,1.31102e+07,0,/home/shin/arbiter/build/arbiter-bench/hotset-auto-overnight-20260814-012754/main/round-06/row-01-auto-k1-local/logs/xindex_a_hotset-use-local_r1.log
main,06,1,auto-k1,xindex,a,hotset-use-local,1,local,720.001,59.9999,772912964,1.28819e+07,9425688791,1.30912e+07,0,/home/shin/arbiter/build/arbiter-bench/hotset-auto-overnight-20260814-012754/main/round-06/row-01-auto-k1-local/logs/xindex_a_hotset-use-local_r1.log
main,06,1,auto-k1,xindex,a,hotset-use-local,1,local,780.001,60.0001,772949902,1.28825e+07,10198638693,1.30752e+07,0,/home/shin/arbiter/build/arbiter-bench/hotset-auto-overnight-20260814-012754/main/round-06/row-01-auto-k1-local/logs/xindex_a_hotset-use-local_r1.log
main,06,1,auto-k1,xindex,a,hotset-use-local,1,local,840.001,60.0003,772225439,1.28704e+07,10970864132,1.30605e+07,0,/home/shin/arbiter/build/arbiter-bench/hotset-auto-overnight-20260814-012754/main/round-06/row-01-auto-k1-local/logs/xindex_a_hotset-use-local_r1.log
main,06,1,auto-k1,xindex,a,hotset-use-local,1,local,900.065,60.0639,772806872,1.28664e+07,11743671004,1.30476e+07,1,/home/shin/arbiter/build/arbiter-bench/hotset-auto-overnight-20260814-012754/main/round-06/row-01-auto-k1-local/logs/xindex_a_hotset-use-local_r1.log
main,06,2,native,xindex,a,native,1,native,60.0041,60.0041,997145964,1.6618e+07,997145964,1.6618e+07,0,/home/shin/arbiter/build/arbiter-bench/hotset-auto-overnight-20260814-012754/main/round-06/row-02-native-native/logs/xindex_a_native_r1.log
main,06,2,native,xindex,a,native,1,native,120.001,59.997,716395355,1.19405e+07,1713541319,1.42794e+07,0,/home/shin/arbiter/build/arbiter-bench/hotset-auto-overnight-20260814-012754/main/round-06/row-02-native-native/logs/xindex_a_native_r1.log
main,06,2,native,xindex,a,native,1,native,180.001,60.0003,716075446,1.19345e+07,2429616765,1.34978e+07,0,/home/shin/arbiter/build/arbiter-bench/hotset-auto-overnight-20260814-012754/main/round-06/row-02-native-native/logs/xindex_a_native_r1.log
main,06,2,native,xindex,a,native,1,native,240.001,60,716007850,1.19335e+07,3145624615,1.31067e+07,0,/home/shin/arbiter/build/arbiter-bench/hotset-auto-overnight-20260814-012754/main/round-06/row-02-native-native/logs/xindex_a_native_r1.log
main,06,2,native,xindex,a,native,1,native,300.001,60.0001,716535973,1.19422e+07,3862160588,1.28738e+07,0,/home/shin/arbiter/build/arbiter-bench/hotset-auto-overnight-20260814-012754/main/round-06/row-02-native-native/logs/xindex_a_native_r1.log
main,06,2,native,xindex,a,native,1,native,360.001,59.9999,716594523,1.19433e+07,4578755111,1.27187e+07,0,/home/shin/arbiter/build/arbiter-bench/hotset-auto-overnight-20260814-012754/main/round-06/row-02-native-native/logs/xindex_a_native_r1.log
main,06,2,native,xindex,a,native,1,native,420.001,59.9996,715878087,1.19314e+07,5294633198,1.26062e+07,0,/home/shin/arbiter/build/arbiter-bench/hotset-auto-overnight-20260814-012754/main/round-06/row-02-native-native/logs/xindex_a_native_r1.log
main,06,2,native,xindex,a,native,1,native,480.001,60.0005,716299941,1.19382e+07,6010933139,1.25227e+07,0,/home/shin/arbiter/build/arbiter-bench/hotset-auto-overnight-20260814-012754/main/round-06/row-02-native-native/logs/xindex_a_native_r1.log
main,06,2,native,xindex,a,native,1,native,540.001,59.9995,716138934,1.19358e+07,6727072073,1.24575e+07,0,/home/shin/arbiter/build/arbiter-bench/hotset-auto-overnight-20260814-012754/main/round-06/row-02-native-native/logs/xindex_a_native_r1.log
main,06,2,native,xindex,a,native,1,native,600.001,60.0002,717401873,1.19567e+07,7444473946,1.24074e+07,0,/home/shin/arbiter/build/arbiter-bench/hotset-auto-overnight-20260814-012754/main/round-06/row-02-native-native/logs/xindex_a_native_r1.log
main,06,2,native,xindex,a,native,1,native,660.001,59.9999,716123744,1.19354e+07,8160597690,1.23645e+07,0,/home/shin/arbiter/build/arbiter-bench/hotset-auto-overnight-20260814-012754/main/round-06/row-02-native-native/logs/xindex_a_native_r1.log
main,06,2,native,xindex,a,native,1,native,720.003,60.0014,715733686,1.19286e+07,8876331376,1.23282e+07,0,/home/shin/arbiter/build/arbiter-bench/hotset-auto-overnight-20260814-012754/main/round-06/row-02-native-native/logs/xindex_a_native_r1.log
main,06,2,native,xindex,a,native,1,native,780.001,59.9986,716375296,1.19399e+07,9592706672,1.22983e+07,0,/home/shin/arbiter/build/arbiter-bench/hotset-auto-overnight-20260814-012754/main/round-06/row-02-native-native/logs/xindex_a_native_r1.log
main,06,2,native,xindex,a,native,1,native,840.002,60.0005,716789760,1.19464e+07,10309496432,1.22732e+07,0,/home/shin/arbiter/build/arbiter-bench/hotset-auto-overnight-20260814-012754/main/round-06/row-02-native-native/logs/xindex_a_native_r1.log
main,06,2,native,xindex,a,native,1,native,900.069,60.0679,716301750,1.19249e+07,11025798182,1.22499e+07,1,/home/shin/arbiter/build/arbiter-bench/hotset-auto-overnight-20260814-012754/main/round-06/row-02-native-native/logs/xindex_a_native_r1.log
main,06,3,auto-k1,xindex,a,hotset-use-target,1,remote,60.0008,60.0008,1042933892,1.7382e+07,1042933892,1.7382e+07,0,/home/shin/arbiter/build/arbiter-bench/hotset-auto-overnight-20260814-012754/main/round-06/row-03-auto-k1-cxl/logs/xindex_a_hotset-use-target_r1.log
main,06,3,auto-k1,xindex,a,hotset-use-target,1,remote,120.001,60.0005,873311371,1.45551e+07,1916245263,1.59685e+07,0,/home/shin/arbiter/build/arbiter-bench/hotset-auto-overnight-20260814-012754/main/round-06/row-03-auto-k1-cxl/logs/xindex_a_hotset-use-target_r1.log
main,06,3,auto-k1,xindex,a,hotset-use-target,1,remote,180.001,60,871841590,1.45307e+07,2788086853,1.54893e+07,0,/home/shin/arbiter/build/arbiter-bench/hotset-auto-overnight-20260814-012754/main/round-06/row-03-auto-k1-cxl/logs/xindex_a_hotset-use-target_r1.log
main,06,3,auto-k1,xindex,a,hotset-use-target,1,remote,240.002,60.0005,871745430,1.4529e+07,3659832283,1.52492e+07,0,/home/shin/arbiter/build/arbiter-bench/hotset-auto-overnight-20260814-012754/main/round-06/row-03-auto-k1-cxl/logs/xindex_a_hotset-use-target_r1.log
main,06,3,auto-k1,xindex,a,hotset-use-target,1,remote,300.004,60.002,876016817,1.45998e+07,4535849100,1.51193e+07,0,/home/shin/arbiter/build/arbiter-bench/hotset-auto-overnight-20260814-012754/main/round-06/row-03-auto-k1-cxl/logs/xindex_a_hotset-use-target_r1.log
main,06,3,auto-k1,xindex,a,hotset-use-target,1,remote,360.001,59.9973,876824753,1.46144e+07,5412673853,1.50352e+07,0,/home/shin/arbiter/build/arbiter-bench/hotset-auto-overnight-20260814-012754/main/round-06/row-03-auto-k1-cxl/logs/xindex_a_hotset-use-target_r1.log
main,06,3,auto-k1,xindex,a,hotset-use-target,1,remote,420.001,59.9999,873572802,1.45596e+07,6286246655,1.49672e+07,0,/home/shin/arbiter/build/arbiter-bench/hotset-auto-overnight-20260814-012754/main/round-06/row-03-auto-k1-cxl/logs/xindex_a_hotset-use-target_r1.log
main,06,3,auto-k1,xindex,a,hotset-use-target,1,remote,480.001,60.0002,871818257,1.45303e+07,7158064912,1.49126e+07,0,/home/shin/arbiter/build/arbiter-bench/hotset-auto-overnight-20260814-012754/main/round-06/row-03-auto-k1-cxl/logs/xindex_a_hotset-use-target_r1.log
main,06,3,auto-k1,xindex,a,hotset-use-target,1,remote,540.001,59.9995,872720561,1.45455e+07,8030785473,1.48718e+07,0,/home/shin/arbiter/build/arbiter-bench/hotset-auto-overnight-20260814-012754/main/round-06/row-03-auto-k1-cxl/logs/xindex_a_hotset-use-target_r1.log
main,06,3,auto-k1,xindex,a,hotset-use-target,1,remote,600.001,60.0002,871845223,1.45307e+07,8902630696,1.48377e+07,0,/home/shin/arbiter/build/arbiter-bench/hotset-auto-overnight-20260814-012754/main/round-06/row-03-auto-k1-cxl/logs/xindex_a_hotset-use-target_r1.log
main,06,3,auto-k1,xindex,a,hotset-use-target,1,remote,660.003,60.0024,872762454,1.45455e+07,9775393150,1.48111e+07,0,/home/shin/arbiter/build/arbiter-bench/hotset-auto-overnight-20260814-012754/main/round-06/row-03-auto-k1-cxl/logs/xindex_a_hotset-use-target_r1.log
main,06,3,auto-k1,xindex,a,hotset-use-target,1,remote,720.001,59.9979,870775820,1.45134e+07,10646168970,1.47863e+07,0,/home/shin/arbiter/build/arbiter-bench/hotset-auto-overnight-20260814-012754/main/round-06/row-03-auto-k1-cxl/logs/xindex_a_hotset-use-target_r1.log
main,06,3,auto-k1,xindex,a,hotset-use-target,1,remote,780.001,59.9998,871833213,1.45306e+07,11518002183,1.47667e+07,0,/home/shin/arbiter/build/arbiter-bench/hotset-auto-overnight-20260814-012754/main/round-06/row-03-auto-k1-cxl/logs/xindex_a_hotset-use-target_r1.log
main,06,3,auto-k1,xindex,a,hotset-use-target,1,remote,840.001,59.9999,871819441,1.45303e+07,12389821624,1.47498e+07,0,/home/shin/arbiter/build/arbiter-bench/hotset-auto-overnight-20260814-012754/main/round-06/row-03-auto-k1-cxl/logs/xindex_a_hotset-use-target_r1.log
main,06,3,auto-k1,xindex,a,hotset-use-target,1,remote,900.063,60.0625,871791884,1.45148e+07,13261613508,1.47341e+07,1,/home/shin/arbiter/build/arbiter-bench/hotset-auto-overnight-20260814-012754/main/round-06/row-03-auto-k1-cxl/logs/xindex_a_hotset-use-target_r1.log
soak,after-06,1,auto-k1,xindex,a,hotset-use-target,1,remote,60.0006,60.0006,1105593611,1.84264e+07,1105593611,1.84264e+07,0,/home/shin/arbiter/build/arbiter-bench/hotset-auto-overnight-20260814-012754/soak/round-after-06/row-01-auto-k1-cxl/logs/xindex_a_hotset-use-target_r1.log
soak,after-06,1,auto-k1,xindex,a,hotset-use-target,1,remote,120.001,60.0009,804596992,1.34097e+07,1910190603,1.59181e+07,0,/home/shin/arbiter/build/arbiter-bench/hotset-auto-overnight-20260814-012754/soak/round-after-06/row-01-auto-k1-cxl/logs/xindex_a_hotset-use-target_r1.log
soak,after-06,1,auto-k1,xindex,a,hotset-use-target,1,remote,180.001,59.9994,803952475,1.33993e+07,2714143078,1.50785e+07,0,/home/shin/arbiter/build/arbiter-bench/hotset-auto-overnight-20260814-012754/soak/round-after-06/row-01-auto-k1-cxl/logs/xindex_a_hotset-use-target_r1.log
soak,after-06,1,auto-k1,xindex,a,hotset-use-target,1,remote,240.002,60.0015,803815589,1.33966e+07,3517958667,1.4658e+07,0,/home/shin/arbiter/build/arbiter-bench/hotset-auto-overnight-20260814-012754/soak/round-after-06/row-01-auto-k1-cxl/logs/xindex_a_hotset-use-target_r1.log
soak,after-06,1,auto-k1,xindex,a,hotset-use-target,1,remote,300.002,60.0001,803203316,1.33867e+07,4321161983,1.44038e+07,0,/home/shin/arbiter/build/arbiter-bench/hotset-auto-overnight-20260814-012754/soak/round-after-06/row-01-auto-k1-cxl/logs/xindex_a_hotset-use-target_r1.log
soak,after-06,1,auto-k1,xindex,a,hotset-use-target,1,remote,360.001,59.9987,803694831,1.33952e+07,5124856814,1.42357e+07,0,/home/shin/arbiter/build/arbiter-bench/hotset-auto-overnight-20260814-012754/soak/round-after-06/row-01-auto-k1-cxl/logs/xindex_a_hotset-use-target_r1.log
soak,after-06,1,auto-k1,xindex,a,hotset-use-target,1,remote,420.002,60.0013,803631525,1.33936e+07,5928488339,1.41154e+07,0,/home/shin/arbiter/build/arbiter-bench/hotset-auto-overnight-20260814-012754/soak/round-after-06/row-01-auto-k1-cxl/logs/xindex_a_hotset-use-target_r1.log
soak,after-06,1,auto-k1,xindex,a,hotset-use-target,1,remote,480.001,59.9985,804017829,1.34006e+07,6732506168,1.4026e+07,0,/home/shin/arbiter/build/arbiter-bench/hotset-auto-overnight-20260814-012754/soak/round-after-06/row-01-auto-k1-cxl/logs/xindex_a_hotset-use-target_r1.log
soak,after-06,1,auto-k1,xindex,a,hotset-use-target,1,remote,540.001,60,803338496,1.3389e+07,7535844664,1.39552e+07,0,/home/shin/arbiter/build/arbiter-bench/hotset-auto-overnight-20260814-012754/soak/round-after-06/row-01-auto-k1-cxl/logs/xindex_a_hotset-use-target_r1.log
soak,after-06,1,auto-k1,xindex,a,hotset-use-target,1,remote,600.001,60.0001,803916111,1.33986e+07,8339760775,1.38996e+07,0,/home/shin/arbiter/build/arbiter-bench/hotset-auto-overnight-20260814-012754/soak/round-after-06/row-01-auto-k1-cxl/logs/xindex_a_hotset-use-target_r1.log
soak,after-06,1,auto-k1,xindex,a,hotset-use-target,1,remote,660.001,59.9995,803901861,1.33985e+07,9143662636,1.3854e+07,0,/home/shin/arbiter/build/arbiter-bench/hotset-auto-overnight-20260814-012754/soak/round-after-06/row-01-auto-k1-cxl/logs/xindex_a_hotset-use-target_r1.log
soak,after-06,1,auto-k1,xindex,a,hotset-use-target,1,remote,720.001,60.0005,803670346,1.33944e+07,9947332982,1.38157e+07,0,/home/shin/arbiter/build/arbiter-bench/hotset-auto-overnight-20260814-012754/soak/round-after-06/row-01-auto-k1-cxl/logs/xindex_a_hotset-use-target_r1.log
soak,after-06,1,auto-k1,xindex,a,hotset-use-target,1,remote,780.001,59.9999,803688960,1.33948e+07,10751021942,1.37833e+07,0,/home/shin/arbiter/build/arbiter-bench/hotset-auto-overnight-20260814-012754/soak/round-after-06/row-01-auto-k1-cxl/logs/xindex_a_hotset-use-target_r1.log
soak,after-06,1,auto-k1,xindex,a,hotset-use-target,1,remote,840.003,60.0021,804781721,1.34126e+07,11555803663,1.37569e+07,0,/home/shin/arbiter/build/arbiter-bench/hotset-auto-overnight-20260814-012754/soak/round-after-06/row-01-auto-k1-cxl/logs/xindex_a_hotset-use-target_r1.log
soak,after-06,1,auto-k1,xindex,a,hotset-use-target,1,remote,900.001,59.9984,803366912,1.33898e+07,12359170575,1.37324e+07,0,/home/shin/arbiter/build/arbiter-bench/hotset-auto-overnight-20260814-012754/soak/round-after-06/row-01-auto-k1-cxl/logs/xindex_a_hotset-use-target_r1.log
soak,after-06,1,auto-k1,xindex,a,hotset-use-target,1,remote,960.002,60.0009,802976421,1.33827e+07,13162146996,1.37105e+07,0,/home/shin/arbiter/build/arbiter-bench/hotset-auto-overnight-20260814-012754/soak/round-after-06/row-01-auto-k1-cxl/logs/xindex_a_hotset-use-target_r1.log
soak,after-06,1,auto-k1,xindex,a,hotset-use-target,1,remote,1020,59.9989,804124746,1.34023e+07,13966271742,1.36924e+07,0,/home/shin/arbiter/build/arbiter-bench/hotset-auto-overnight-20260814-012754/soak/round-after-06/row-01-auto-k1-cxl/logs/xindex_a_hotset-use-target_r1.log
soak,after-06,1,auto-k1,xindex,a,hotset-use-target,1,remote,1080,59.9994,804278516,1.34048e+07,14770550258,1.36764e+07,0,/home/shin/arbiter/build/arbiter-bench/hotset-auto-overnight-20260814-012754/soak/round-after-06/row-01-auto-k1-cxl/logs/xindex_a_hotset-use-target_r1.log
soak,after-06,1,auto-k1,xindex,a,hotset-use-target,1,remote,1140,60.0004,803069787,1.33844e+07,15573620045,1.36611e+07,0,/home/shin/arbiter/build/arbiter-bench/hotset-auto-overnight-20260814-012754/soak/round-after-06/row-01-auto-k1-cxl/logs/xindex_a_hotset-use-target_r1.log
soak,after-06,1,auto-k1,xindex,a,hotset-use-target,1,remote,1200,59.9999,802896805,1.33816e+07,16376516850,1.36471e+07,0,/home/shin/arbiter/build/arbiter-bench/hotset-auto-overnight-20260814-012754/soak/round-after-06/row-01-auto-k1-cxl/logs/xindex_a_hotset-use-target_r1.log
soak,after-06,1,auto-k1,xindex,a,hotset-use-target,1,remote,1260,60.0004,804230730,1.34038e+07,17180747580,1.36355e+07,0,/home/shin/arbiter/build/arbiter-bench/hotset-auto-overnight-20260814-012754/soak/round-after-06/row-01-auto-k1-cxl/logs/xindex_a_hotset-use-target_r1.log
soak,after-06,1,auto-k1,xindex,a,hotset-use-target,1,remote,1320,60.002,804749221,1.3412e+07,17985496801,1.36253e+07,0,/home/shin/arbiter/build/arbiter-bench/hotset-auto-overnight-20260814-012754/soak/round-after-06/row-01-auto-k1-cxl/logs/xindex_a_hotset-use-target_r1.log
soak,after-06,1,auto-k1,xindex,a,hotset-use-target,1,remote,1380,59.9977,803811134,1.33974e+07,18789307935,1.36154e+07,0,/home/shin/arbiter/build/arbiter-bench/hotset-auto-overnight-20260814-012754/soak/round-after-06/row-01-auto-k1-cxl/logs/xindex_a_hotset-use-target_r1.log
soak,after-06,1,auto-k1,xindex,a,hotset-use-target,1,remote,1440,60.0016,804072118,1.34008e+07,19593380053,1.36065e+07,0,/home/shin/arbiter/build/arbiter-bench/hotset-auto-overnight-20260814-012754/soak/round-after-06/row-01-auto-k1-cxl/logs/xindex_a_hotset-use-target_r1.log
soak,after-06,1,auto-k1,xindex,a,hotset-use-target,1,remote,1500,59.9983,803704411,1.33955e+07,20397084464,1.3598e+07,0,/home/shin/arbiter/build/arbiter-bench/hotset-auto-overnight-20260814-012754/soak/round-after-06/row-01-auto-k1-cxl/logs/xindex_a_hotset-use-target_r1.log
soak,after-06,1,auto-k1,xindex,a,hotset-use-target,1,remote,1560,60.0006,803195705,1.33865e+07,21200280169,1.35899e+07,0,/home/shin/arbiter/build/arbiter-bench/hotset-auto-overnight-20260814-012754/soak/round-after-06/row-01-auto-k1-cxl/logs/xindex_a_hotset-use-target_r1.log
soak,after-06,1,auto-k1,xindex,a,hotset-use-target,1,remote,1620,59.9993,803452404,1.3391e+07,22003732573,1.35825e+07,0,/home/shin/arbiter/build/arbiter-bench/hotset-auto-overnight-20260814-012754/soak/round-after-06/row-01-auto-k1-cxl/logs/xindex_a_hotset-use-target_r1.log
soak,after-06,1,auto-k1,xindex,a,hotset-use-target,1,remote,1680,60.0005,803533477,1.33921e+07,22807266050,1.35757e+07,0,/home/shin/arbiter/build/arbiter-bench/hotset-auto-overnight-20260814-012754/soak/round-after-06/row-01-auto-k1-cxl/logs/xindex_a_hotset-use-target_r1.log
soak,after-06,1,auto-k1,xindex,a,hotset-use-target,1,remote,1740,59.9996,803534336,1.33923e+07,23610800386,1.35694e+07,0,/home/shin/arbiter/build/arbiter-bench/hotset-auto-overnight-20260814-012754/soak/round-after-06/row-01-auto-k1-cxl/logs/xindex_a_hotset-use-target_r1.log
soak,after-06,1,auto-k1,xindex,a,hotset-use-target,1,remote,1800,60.0014,802949962,1.33822e+07,24413750348,1.35632e+07,0,/home/shin/arbiter/build/arbiter-bench/hotset-auto-overnight-20260814-012754/soak/round-after-06/row-01-auto-k1-cxl/logs/xindex_a_hotset-use-target_r1.log
soak,after-06,1,auto-k1,xindex,a,hotset-use-target,1,remote,1860,59.9986,805388202,1.34235e+07,25219138550,1.35587e+07,0,/home/shin/arbiter/build/arbiter-bench/hotset-auto-overnight-20260814-012754/soak/round-after-06/row-01-auto-k1-cxl/logs/xindex_a_hotset-use-target_r1.log
soak,after-06,1,auto-k1,xindex,a,hotset-use-target,1,remote,1920,60,802978469,1.3383e+07,26022117019,1.35532e+07,0,/home/shin/arbiter/build/arbiter-bench/hotset-auto-overnight-20260814-012754/soak/round-after-06/row-01-auto-k1-cxl/logs/xindex_a_hotset-use-target_r1.log
soak,after-06,1,auto-k1,xindex,a,hotset-use-target,1,remote,1980,60.0012,802121034,1.33684e+07,26824238053,1.35476e+07,0,/home/shin/arbiter/build/arbiter-bench/hotset-auto-overnight-20260814-012754/soak/round-after-06/row-01-auto-k1-cxl/logs/xindex_a_hotset-use-target_r1.log
soak,after-06,1,auto-k1,xindex,a,hotset-use-target,1,remote,2040,59.9987,802946139,1.33827e+07,27627184192,1.35427e+07,0,/home/shin/arbiter/build/arbiter-bench/hotset-auto-overnight-20260814-012754/soak/round-after-06/row-01-auto-k1-cxl/logs/xindex_a_hotset-use-target_r1.log
soak,after-06,1,auto-k1,xindex,a,hotset-use-target,1,remote,2100,60.0003,801770991,1.33628e+07,28428955183,1.35376e+07,0,/home/shin/arbiter/build/arbiter-bench/hotset-auto-overnight-20260814-012754/soak/round-after-06/row-01-auto-k1-cxl/logs/xindex_a_hotset-use-target_r1.log
soak,after-06,1,auto-k1,xindex,a,hotset-use-target,1,remote,2160,60.0004,801512362,1.33584e+07,29230467545,1.35326e+07,0,/home/shin/arbiter/build/arbiter-bench/hotset-auto-overnight-20260814-012754/soak/round-after-06/row-01-auto-k1-cxl/logs/xindex_a_hotset-use-target_r1.log
soak,after-06,1,auto-k1,xindex,a,hotset-use-target,1,remote,2220,59.9991,802860800,1.33812e+07,30033328345,1.35285e+07,0,/home/shin/arbiter/build/arbiter-bench/hotset-auto-overnight-20260814-012754/soak/round-after-06/row-01-auto-k1-cxl/logs/xindex_a_hotset-use-target_r1.log
soak,after-06,1,auto-k1,xindex,a,hotset-use-target,1,remote,2280,60.0006,801664603,1.33609e+07,30834992948,1.35241e+07,0,/home/shin/arbiter/build/arbiter-bench/hotset-auto-overnight-20260814-012754/soak/round-after-06/row-01-auto-k1-cxl/logs/xindex_a_hotset-use-target_r1.log
soak,after-06,1,auto-k1,xindex,a,hotset-use-target,1,remote,2340,60.0008,801402533,1.33565e+07,31636395481,1.35198e+07,0,/home/shin/arbiter/build/arbiter-bench/hotset-auto-overnight-20260814-012754/soak/round-after-06/row-01-auto-k1-cxl/logs/xindex_a_hotset-use-target_r1.log
soak,after-06,1,auto-k1,xindex,a,hotset-use-target,1,remote,2400,59.9989,801550757,1.33594e+07,32437946238,1.35158e+07,0,/home/shin/arbiter/build/arbiter-bench/hotset-auto-overnight-20260814-012754/soak/round-after-06/row-01-auto-k1-cxl/logs/xindex_a_hotset-use-target_r1.log
soak,after-06,1,auto-k1,xindex,a,hotset-use-target,1,remote,2460,59.9999,802720756,1.33787e+07,33240666994,1.35125e+07,0,/home/shin/arbiter/build/arbiter-bench/hotset-auto-overnight-20260814-012754/soak/round-after-06/row-01-auto-k1-cxl/logs/xindex_a_hotset-use-target_r1.log
soak,after-06,1,auto-k1,xindex,a,hotset-use-target,1,remote,2520,60.0023,802916261,1.33814e+07,34043583255,1.35093e+07,0,/home/shin/arbiter/build/arbiter-bench/hotset-auto-overnight-20260814-012754/soak/round-after-06/row-01-auto-k1-cxl/logs/xindex_a_hotset-use-target_r1.log
soak,after-06,1,auto-k1,xindex,a,hotset-use-target,1,remote,2580,59.9978,802786890,1.33803e+07,34846370145,1.35063e+07,0,/home/shin/arbiter/build/arbiter-bench/hotset-auto-overnight-20260814-012754/soak/round-after-06/row-01-auto-k1-cxl/logs/xindex_a_hotset-use-target_r1.log
soak,after-06,1,auto-k1,xindex,a,hotset-use-target,1,remote,2640,60.0001,802376283,1.33729e+07,35648746428,1.35033e+07,0,/home/shin/arbiter/build/arbiter-bench/hotset-auto-overnight-20260814-012754/soak/round-after-06/row-01-auto-k1-cxl/logs/xindex_a_hotset-use-target_r1.log
soak,after-06,1,auto-k1,xindex,a,hotset-use-target,1,remote,2700,59.9998,802081945,1.33681e+07,36450828373,1.35003e+07,0,/home/shin/arbiter/build/arbiter-bench/hotset-auto-overnight-20260814-012754/soak/round-after-06/row-01-auto-k1-cxl/logs/xindex_a_hotset-use-target_r1.log
soak,after-06,1,auto-k1,xindex,a,hotset-use-target,1,remote,2760,60.0001,802500113,1.3375e+07,37253328486,1.34976e+07,0,/home/shin/arbiter/build/arbiter-bench/hotset-auto-overnight-20260814-012754/soak/round-after-06/row-01-auto-k1-cxl/logs/xindex_a_hotset-use-target_r1.log
soak,after-06,1,auto-k1,xindex,a,hotset-use-target,1,remote,2820,60.0003,801216091,1.33535e+07,38054544577,1.34945e+07,0,/home/shin/arbiter/build/arbiter-bench/hotset-auto-overnight-20260814-012754/soak/round-after-06/row-01-auto-k1-cxl/logs/xindex_a_hotset-use-target_r1.log
soak,after-06,1,auto-k1,xindex,a,hotset-use-target,1,remote,2880,60.0002,802732874,1.33788e+07,38857277451,1.34921e+07,0,/home/shin/arbiter/build/arbiter-bench/hotset-auto-overnight-20260814-012754/soak/round-after-06/row-01-auto-k1-cxl/logs/xindex_a_hotset-use-target_r1.log
soak,after-06,1,auto-k1,xindex,a,hotset-use-target,1,remote,2940,59.9995,802300746,1.33718e+07,39659578197,1.34896e+07,0,/home/shin/arbiter/build/arbiter-bench/hotset-auto-overnight-20260814-012754/soak/round-after-06/row-01-auto-k1-cxl/logs/xindex_a_hotset-use-target_r1.log
soak,after-06,1,auto-k1,xindex,a,hotset-use-target,1,remote,3000,60,802726661,1.33788e+07,40462304858,1.34874e+07,0,/home/shin/arbiter/build/arbiter-bench/hotset-auto-overnight-20260814-012754/soak/round-after-06/row-01-auto-k1-cxl/logs/xindex_a_hotset-use-target_r1.log
soak,after-06,1,auto-k1,xindex,a,hotset-use-target,1,remote,3060,60.0002,802540965,1.33756e+07,41264845823,1.34852e+07,0,/home/shin/arbiter/build/arbiter-bench/hotset-auto-overnight-20260814-012754/soak/round-after-06/row-01-auto-k1-cxl/logs/xindex_a_hotset-use-target_r1.log
soak,after-06,1,auto-k1,xindex,a,hotset-use-target,1,remote,3120,60,801963190,1.33661e+07,42066809013,1.34829e+07,0,/home/shin/arbiter/build/arbiter-bench/hotset-auto-overnight-20260814-012754/soak/round-after-06/row-01-auto-k1-cxl/logs/xindex_a_hotset-use-target_r1.log
soak,after-06,1,auto-k1,xindex,a,hotset-use-target,1,remote,3180,60.0018,803639262,1.33936e+07,42870448275,1.34813e+07,0,/home/shin/arbiter/build/arbiter-bench/hotset-auto-overnight-20260814-012754/soak/round-after-06/row-01-auto-k1-cxl/logs/xindex_a_hotset-use-target_r1.log
soak,after-06,1,auto-k1,xindex,a,hotset-use-target,1,remote,3240,59.9982,800829531,1.33476e+07,43671277806,1.34788e+07,0,/home/shin/arbiter/build/arbiter-bench/hotset-auto-overnight-20260814-012754/soak/round-after-06/row-01-auto-k1-cxl/logs/xindex_a_hotset-use-target_r1.log
soak,after-06,1,auto-k1,xindex,a,hotset-use-target,1,remote,3300,60.0003,802756357,1.33792e+07,44474034163,1.3477e+07,0,/home/shin/arbiter/build/arbiter-bench/hotset-auto-overnight-20260814-012754/soak/round-after-06/row-01-auto-k1-cxl/logs/xindex_a_hotset-use-target_r1.log
soak,after-06,1,auto-k1,xindex,a,hotset-use-target,1,remote,3360,59.9996,803495094,1.33917e+07,45277529257,1.34755e+07,0,/home/shin/arbiter/build/arbiter-bench/hotset-auto-overnight-20260814-012754/soak/round-after-06/row-01-auto-k1-cxl/logs/xindex_a_hotset-use-target_r1.log
soak,after-06,1,auto-k1,xindex,a,hotset-use-target,1,remote,3420,59.9997,801517204,1.33587e+07,46079046461,1.34734e+07,0,/home/shin/arbiter/build/arbiter-bench/hotset-auto-overnight-20260814-012754/soak/round-after-06/row-01-auto-k1-cxl/logs/xindex_a_hotset-use-target_r1.log
soak,after-06,1,auto-k1,xindex,a,hotset-use-target,1,remote,3480,60.0005,803124463,1.33853e+07,46882170924,1.34719e+07,0,/home/shin/arbiter/build/arbiter-bench/hotset-auto-overnight-20260814-012754/soak/round-after-06/row-01-auto-k1-cxl/logs/xindex_a_hotset-use-target_r1.log
soak,after-06,1,auto-k1,xindex,a,hotset-use-target,1,remote,3540,59.9999,801394853,1.33566e+07,47683565777,1.34699e+07,0,/home/shin/arbiter/build/arbiter-bench/hotset-auto-overnight-20260814-012754/soak/round-after-06/row-01-auto-k1-cxl/logs/xindex_a_hotset-use-target_r1.log
soak,after-06,1,auto-k1,xindex,a,hotset-use-target,1,remote,3600.05,60.0441,801997243,1.33568e+07,48485563020,1.3468e+07,1,/home/shin/arbiter/build/arbiter-bench/hotset-auto-overnight-20260814-012754/soak/round-after-06/row-01-auto-k1-cxl/logs/xindex_a_hotset-use-target_r1.log
main,07,1,native,xindex,a,native,1,native,60.0044,60.0044,990330055,1.65043e+07,990330055,1.65043e+07,0,/home/shin/arbiter/build/arbiter-bench/hotset-auto-overnight-20260814-012754/main/round-07/row-01-native-native/logs/xindex_a_native_r1.log
main,07,1,native,xindex,a,native,1,native,120.001,59.9963,741635442,1.23614e+07,1731965497,1.4433e+07,0,/home/shin/arbiter/build/arbiter-bench/hotset-auto-overnight-20260814-012754/main/round-07/row-01-native-native/logs/xindex_a_native_r1.log
main,07,1,native,xindex,a,native,1,native,180.001,60.0005,741341571,1.23556e+07,2473307068,1.37405e+07,0,/home/shin/arbiter/build/arbiter-bench/hotset-auto-overnight-20260814-012754/main/round-07/row-01-native-native/logs/xindex_a_native_r1.log
main,07,1,native,xindex,a,native,1,native,240.001,60,741429362,1.23572e+07,3214736430,1.33947e+07,0,/home/shin/arbiter/build/arbiter-bench/hotset-auto-overnight-20260814-012754/main/round-07/row-01-native-native/logs/xindex_a_native_r1.log
main,07,1,native,xindex,a,native,1,native,300.001,60.0001,740314425,1.23386e+07,3955050855,1.31834e+07,0,/home/shin/arbiter/build/arbiter-bench/hotset-auto-overnight-20260814-012754/main/round-07/row-01-native-native/logs/xindex_a_native_r1.log
main,07,1,native,xindex,a,native,1,native,360.002,60.0006,741264230,1.23543e+07,4696315085,1.30452e+07,0,/home/shin/arbiter/build/arbiter-bench/hotset-auto-overnight-20260814-012754/main/round-07/row-01-native-native/logs/xindex_a_native_r1.log
main,07,1,native,xindex,a,native,1,native,420.001,59.9994,740507779,1.23419e+07,5436822864,1.29448e+07,0,/home/shin/arbiter/build/arbiter-bench/hotset-auto-overnight-20260814-012754/main/round-07/row-01-native-native/logs/xindex_a_native_r1.log
main,07,1,native,xindex,a,native,1,native,480.001,60,741395860,1.23566e+07,6178218724,1.28713e+07,0,/home/shin/arbiter/build/arbiter-bench/hotset-auto-overnight-20260814-012754/main/round-07/row-01-native-native/logs/xindex_a_native_r1.log
main,07,1,native,xindex,a,native,1,native,540.002,60.0008,740808801,1.23466e+07,6919027525,1.2813e+07,0,/home/shin/arbiter/build/arbiter-bench/hotset-auto-overnight-20260814-012754/main/round-07/row-01-native-native/logs/xindex_a_native_r1.log
main,07,1,native,xindex,a,native,1,native,600.001,59.9992,740087956,1.2335e+07,7659115481,1.27652e+07,0,/home/shin/arbiter/build/arbiter-bench/hotset-auto-overnight-20260814-012754/main/round-07/row-01-native-native/logs/xindex_a_native_r1.log
main,07,1,native,xindex,a,native,1,native,660.001,59.9995,740913357,1.23487e+07,8400028838,1.27273e+07,0,/home/shin/arbiter/build/arbiter-bench/hotset-auto-overnight-20260814-012754/main/round-07/row-01-native-native/logs/xindex_a_native_r1.log
main,07,1,native,xindex,a,native,1,native,720.004,60.0033,741131213,1.23515e+07,9141160051,1.2696e+07,0,/home/shin/arbiter/build/arbiter-bench/hotset-auto-overnight-20260814-012754/main/round-07/row-01-native-native/logs/xindex_a_native_r1.log
main,07,1,native,xindex,a,native,1,native,780.002,59.9975,740311427,1.2339e+07,9881471478,1.26685e+07,0,/home/shin/arbiter/build/arbiter-bench/hotset-auto-overnight-20260814-012754/main/round-07/row-01-native-native/logs/xindex_a_native_r1.log
main,07,1,native,xindex,a,native,1,native,840.001,59.9996,740933239,1.2349e+07,10622404717,1.26457e+07,0,/home/shin/arbiter/build/arbiter-bench/hotset-auto-overnight-20260814-012754/main/round-07/row-01-native-native/logs/xindex_a_native_r1.log
main,07,1,native,xindex,a,native,1,native,900.067,60.0654,740916355,1.23352e+07,11363321072,1.2625e+07,1,/home/shin/arbiter/build/arbiter-bench/hotset-auto-overnight-20260814-012754/main/round-07/row-01-native-native/logs/xindex_a_native_r1.log
main,07,2,auto-k1,xindex,a,hotset-use-local,1,local,60.001,60.001,1015395715,1.6923e+07,1015395715,1.6923e+07,0,/home/shin/arbiter/build/arbiter-bench/hotset-auto-overnight-20260814-012754/main/round-07/row-02-auto-k1-local/logs/xindex_a_hotset-use-local_r1.log
main,07,2,auto-k1,xindex,a,hotset-use-local,1,local,120.001,59.9998,763917653,1.2732e+07,1779313368,1.48275e+07,0,/home/shin/arbiter/build/arbiter-bench/hotset-auto-overnight-20260814-012754/main/round-07/row-02-auto-k1-local/logs/xindex_a_hotset-use-local_r1.log
main,07,2,auto-k1,xindex,a,hotset-use-local,1,local,180.001,60.0004,763896661,1.27315e+07,2543210029,1.41289e+07,0,/home/shin/arbiter/build/arbiter-bench/hotset-auto-overnight-20260814-012754/main/round-07/row-02-auto-k1-local/logs/xindex_a_hotset-use-local_r1.log
main,07,2,auto-k1,xindex,a,hotset-use-local,1,local,240.001,59.9998,764361011,1.27394e+07,3307571040,1.37815e+07,0,/home/shin/arbiter/build/arbiter-bench/hotset-auto-overnight-20260814-012754/main/round-07/row-02-auto-k1-local/logs/xindex_a_hotset-use-local_r1.log
main,07,2,auto-k1,xindex,a,hotset-use-local,1,local,300.001,59.9997,763365564,1.27228e+07,4070936604,1.35698e+07,0,/home/shin/arbiter/build/arbiter-bench/hotset-auto-overnight-20260814-012754/main/round-07/row-02-auto-k1-local/logs/xindex_a_hotset-use-local_r1.log
main,07,2,auto-k1,xindex,a,hotset-use-local,1,local,360.001,60.0006,763909626,1.27317e+07,4834846230,1.34301e+07,0,/home/shin/arbiter/build/arbiter-bench/hotset-auto-overnight-20260814-012754/main/round-07/row-02-auto-k1-local/logs/xindex_a_hotset-use-local_r1.log
main,07,2,auto-k1,xindex,a,hotset-use-local,1,local,420.001,59.9996,764667460,1.27445e+07,5599513690,1.33321e+07,0,/home/shin/arbiter/build/arbiter-bench/hotset-auto-overnight-20260814-012754/main/round-07/row-02-auto-k1-local/logs/xindex_a_hotset-use-local_r1.log
main,07,2,auto-k1,xindex,a,hotset-use-local,1,local,480.001,60.0001,763564373,1.27261e+07,6363078063,1.32564e+07,0,/home/shin/arbiter/build/arbiter-bench/hotset-auto-overnight-20260814-012754/main/round-07/row-02-auto-k1-local/logs/xindex_a_hotset-use-local_r1.log
main,07,2,auto-k1,xindex,a,hotset-use-local,1,local,540.001,59.9998,764479989,1.27414e+07,7127558052,1.31992e+07,0,/home/shin/arbiter/build/arbiter-bench/hotset-auto-overnight-20260814-012754/main/round-07/row-02-auto-k1-local/logs/xindex_a_hotset-use-local_r1.log
main,07,2,auto-k1,xindex,a,hotset-use-local,1,local,600.001,60.0006,763456250,1.27241e+07,7891014302,1.31517e+07,0,/home/shin/arbiter/build/arbiter-bench/hotset-auto-overnight-20260814-012754/main/round-07/row-02-auto-k1-local/logs/xindex_a_hotset-use-local_r1.log
main,07,2,auto-k1,xindex,a,hotset-use-local,1,local,660.001,59.9995,763404208,1.27235e+07,8654418510,1.31127e+07,0,/home/shin/arbiter/build/arbiter-bench/hotset-auto-overnight-20260814-012754/main/round-07/row-02-auto-k1-local/logs/xindex_a_hotset-use-local_r1.log
main,07,2,auto-k1,xindex,a,hotset-use-local,1,local,720.006,60.0051,764346761,1.2738e+07,9418765271,1.30815e+07,0,/home/shin/arbiter/build/arbiter-bench/hotset-auto-overnight-20260814-012754/main/round-07/row-02-auto-k1-local/logs/xindex_a_hotset-use-local_r1.log
main,07,2,auto-k1,xindex,a,hotset-use-local,1,local,780.001,59.9948,763661323,1.27288e+07,10182426594,1.30544e+07,0,/home/shin/arbiter/build/arbiter-bench/hotset-auto-overnight-20260814-012754/main/round-07/row-02-auto-k1-local/logs/xindex_a_hotset-use-local_r1.log
main,07,2,auto-k1,xindex,a,hotset-use-local,1,local,840.004,60.003,764393449,1.27392e+07,10946820043,1.30319e+07,0,/home/shin/arbiter/build/arbiter-bench/hotset-auto-overnight-20260814-012754/main/round-07/row-02-auto-k1-local/logs/xindex_a_hotset-use-local_r1.log
main,07,2,auto-k1,xindex,a,hotset-use-local,1,local,900.065,60.0611,763418800,1.27107e+07,11710238843,1.30104e+07,1,/home/shin/arbiter/build/arbiter-bench/hotset-auto-overnight-20260814-012754/main/round-07/row-02-auto-k1-local/logs/xindex_a_hotset-use-local_r1.log
main,07,3,auto-k1,xindex,a,hotset-use-target,1,remote,60.0008,60.0008,1198569973,1.99759e+07,1198569973,1.99759e+07,0,/home/shin/arbiter/build/arbiter-bench/hotset-auto-overnight-20260814-012754/main/round-07/row-03-auto-k1-cxl/logs/xindex_a_hotset-use-target_r1.log
main,07,3,auto-k1,xindex,a,hotset-use-target,1,remote,120.001,60.0004,877517710,1.46252e+07,2076087683,1.73006e+07,0,/home/shin/arbiter/build/arbiter-bench/hotset-auto-overnight-20260814-012754/main/round-07/row-03-auto-k1-cxl/logs/xindex_a_hotset-use-target_r1.log
main,07,3,auto-k1,xindex,a,hotset-use-target,1,remote,180.001,59.9998,876285753,1.46048e+07,2952373436,1.6402e+07,0,/home/shin/arbiter/build/arbiter-bench/hotset-auto-overnight-20260814-012754/main/round-07/row-03-auto-k1-cxl/logs/xindex_a_hotset-use-target_r1.log
main,07,3,auto-k1,xindex,a,hotset-use-target,1,remote,240.001,60.0002,877047387,1.46174e+07,3829420823,1.59558e+07,0,/home/shin/arbiter/build/arbiter-bench/hotset-auto-overnight-20260814-012754/main/round-07/row-03-auto-k1-cxl/logs/xindex_a_hotset-use-target_r1.log
main,07,3,auto-k1,xindex,a,hotset-use-target,1,remote,300.001,60,877908150,1.46318e+07,4707328973,1.5691e+07,0,/home/shin/arbiter/build/arbiter-bench/hotset-auto-overnight-20260814-012754/main/round-07/row-03-auto-k1-cxl/logs/xindex_a_hotset-use-target_r1.log
main,07,3,auto-k1,xindex,a,hotset-use-target,1,remote,360.001,59.9999,876092160,1.46016e+07,5583421133,1.55095e+07,0,/home/shin/arbiter/build/arbiter-bench/hotset-auto-overnight-20260814-012754/main/round-07/row-03-auto-k1-cxl/logs/xindex_a_hotset-use-target_r1.log
main,07,3,auto-k1,xindex,a,hotset-use-target,1,remote,420.001,60,876481371,1.4608e+07,6459902504,1.53807e+07,0,/home/shin/arbiter/build/arbiter-bench/hotset-auto-overnight-20260814-012754/main/round-07/row-03-auto-k1-cxl/logs/xindex_a_hotset-use-target_r1.log
main,07,3,auto-k1,xindex,a,hotset-use-target,1,remote,480.001,60,877312165,1.46219e+07,7337214669,1.52858e+07,0,/home/shin/arbiter/build/arbiter-bench/hotset-auto-overnight-20260814-012754/main/round-07/row-03-auto-k1-cxl/logs/xindex_a_hotset-use-target_r1.log
main,07,3,auto-k1,xindex,a,hotset-use-target,1,remote,540.001,60,877921735,1.4632e+07,8215136404,1.52132e+07,0,/home/shin/arbiter/build/arbiter-bench/hotset-auto-overnight-20260814-012754/main/round-07/row-03-auto-k1-cxl/logs/xindex_a_hotset-use-target_r1.log
main,07,3,auto-k1,xindex,a,hotset-use-target,1,remote,600.001,59.9995,879045029,1.46509e+07,9094181433,1.5157e+07,0,/home/shin/arbiter/build/arbiter-bench/hotset-auto-overnight-20260814-012754/main/round-07/row-03-auto-k1-cxl/logs/xindex_a_hotset-use-target_r1.log
main,07,3,auto-k1,xindex,a,hotset-use-target,1,remote,660.001,60.0006,878064310,1.46343e+07,9972245743,1.51094e+07,0,/home/shin/arbiter/build/arbiter-bench/hotset-auto-overnight-20260814-012754/main/round-07/row-03-auto-k1-cxl/logs/xindex_a_hotset-use-target_r1.log
main,07,3,auto-k1,xindex,a,hotset-use-target,1,remote,720.001,59.9997,876138405,1.46024e+07,10848384148,1.50672e+07,0,/home/shin/arbiter/build/arbiter-bench/hotset-auto-overnight-20260814-012754/main/round-07/row-03-auto-k1-cxl/logs/xindex_a_hotset-use-target_r1.log
main,07,3,auto-k1,xindex,a,hotset-use-target,1,remote,780.001,59.9998,876653147,1.46109e+07,11725037295,1.50321e+07,0,/home/shin/arbiter/build/arbiter-bench/hotset-auto-overnight-20260814-012754/main/round-07/row-03-auto-k1-cxl/logs/xindex_a_hotset-use-target_r1.log
main,07,3,auto-k1,xindex,a,hotset-use-target,1,remote,840.001,60.0008,877013248,1.46167e+07,12602050543,1.50024e+07,0,/home/shin/arbiter/build/arbiter-bench/hotset-auto-overnight-20260814-012754/main/round-07/row-03-auto-k1-cxl/logs/xindex_a_hotset-use-target_r1.log
main,07,3,auto-k1,xindex,a,hotset-use-target,1,remote,900.065,60.0636,877236844,1.46051e+07,13479287387,1.49759e+07,1,/home/shin/arbiter/build/arbiter-bench/hotset-auto-overnight-20260814-012754/main/round-07/row-03-auto-k1-cxl/logs/xindex_a_hotset-use-target_r1.log
