raw_id,design,status,static_fingerprint,selected_site_count,config_path,build_dir,build_log
raw-001,auto-k1-fixed,selected,97,1,/home/shin/arbiter/build/arbiter-bench/hotset-broad-sweep-v2-20260822-012131/configs/raw-001.config,/home/shin/arbiter/build/arbiter-bench/hotset-broad-sweep-v2-20260822-012131/builds/raw-001,/home/shin/arbiter/build/arbiter-bench/hotset-broad-sweep-v2-20260822-012131/build-logs/raw-001.log
raw-002,auto-k2-fixed,selected,97+99,2,/home/shin/arbiter/build/arbiter-bench/hotset-broad-sweep-v2-20260822-012131/configs/raw-002.config,/home/shin/arbiter/build/arbiter-bench/hotset-broad-sweep-v2-20260822-012131/builds/raw-002,/home/shin/arbiter/build/arbiter-bench/hotset-broad-sweep-v2-20260822-012131/build-logs/raw-002.log
raw-003,auto-k3-fixed,selected,68+97+99,3,/home/shin/arbiter/build/arbiter-bench/hotset-broad-sweep-v2-20260822-012131/configs/raw-003.config,/home/shin/arbiter/build/arbiter-bench/hotset-broad-sweep-v2-20260822-012131/builds/raw-003,/home/shin/arbiter/build/arbiter-bench/hotset-broad-sweep-v2-20260822-012131/build-logs/raw-003.log
raw-004,auto-k6-fixed,selected,68+90+97+98+99+100,6,/home/shin/arbiter/build/arbiter-bench/hotset-broad-sweep-v2-20260822-012131/configs/raw-004.config,/home/shin/arbiter/build/arbiter-bench/hotset-broad-sweep-v2-20260822-012131/builds/raw-004,/home/shin/arbiter/build/arbiter-bench/hotset-broad-sweep-v2-20260822-012131/build-logs/raw-004.log
raw-005,broad-default,unsafe-nonconstant-size:72,,,,/home/shin/arbiter/build/arbiter-bench/hotset-broad-sweep-v2-20260822-012131/builds/raw-005,/home/shin/arbiter/build/arbiter-bench/hotset-broad-sweep-v2-20260822-012131/build-logs/raw-005.log
raw-006,broad-top8,unsafe-nonconstant-size:72,,,,/home/shin/arbiter/build/arbiter-bench/hotset-broad-sweep-v2-20260822-012131/builds/raw-006,/home/shin/arbiter/build/arbiter-bench/hotset-broad-sweep-v2-20260822-012131/build-logs/raw-006.log
raw-007,broad-top12-noexp,unsafe-nonconstant-size:72+75+81,,,,/home/shin/arbiter/build/arbiter-bench/hotset-broad-sweep-v2-20260822-012131/builds/raw-007,/home/shin/arbiter/build/arbiter-bench/hotset-broad-sweep-v2-20260822-012131/build-logs/raw-007.log
raw-008,permissive-deep,unsafe-nonconstant-size:72+75+81+82+91+92+94,,,,/home/shin/arbiter/build/arbiter-bench/hotset-broad-sweep-v2-20260822-012131/builds/raw-008,/home/shin/arbiter/build/arbiter-bench/hotset-broad-sweep-v2-20260822-012131/build-logs/raw-008.log
raw-009,strict-fixed,selected,68+69+90+97+98+99+100,7,/home/shin/arbiter/build/arbiter-bench/hotset-broad-sweep-v2-20260822-012131/configs/raw-009.config,/home/shin/arbiter/build/arbiter-bench/hotset-broad-sweep-v2-20260822-012131/builds/raw-009,/home/shin/arbiter/build/arbiter-bench/hotset-broad-sweep-v2-20260822-012131/build-logs/raw-009.log
raw-010,fixed-small-threshold,unsafe-nonconstant-size:72+91,,,,/home/shin/arbiter/build/arbiter-bench/hotset-broad-sweep-v2-20260822-012131/builds/raw-010,/home/shin/arbiter/build/arbiter-bench/hotset-broad-sweep-v2-20260822-012131/build-logs/raw-010.log
raw-011,high-affinity,unsafe-nonconstant-size:72,,,,/home/shin/arbiter/build/arbiter-bench/hotset-broad-sweep-v2-20260822-012131/builds/raw-011,/home/shin/arbiter/build/arbiter-bench/hotset-broad-sweep-v2-20260822-012131/build-logs/raw-011.log
raw-012,deep-expansion,unsafe-nonconstant-size:72+75+91,,,,/home/shin/arbiter/build/arbiter-bench/hotset-broad-sweep-v2-20260822-012131/builds/raw-012,/home/shin/arbiter/build/arbiter-bench/hotset-broad-sweep-v2-20260822-012131/build-logs/raw-012.log
raw-013,flat-fixed-aggressive,selected,68+69+71+90+97+98+99+100,8,/home/shin/arbiter/build/arbiter-bench/hotset-broad-sweep-v2-20260822-012131/configs/raw-013.config,/home/shin/arbiter/build/arbiter-bench/hotset-broad-sweep-v2-20260822-012131/builds/raw-013,/home/shin/arbiter/build/arbiter-bench/hotset-broad-sweep-v2-20260822-012131/build-logs/raw-013.log
raw-014,hybrid-fixed-expansion,selected,71+97+98+99+100,5,/home/shin/arbiter/build/arbiter-bench/hotset-broad-sweep-v2-20260822-012131/configs/raw-014.config,/home/shin/arbiter/build/arbiter-bench/hotset-broad-sweep-v2-20260822-012131/builds/raw-014,/home/shin/arbiter/build/arbiter-bench/hotset-broad-sweep-v2-20260822-012131/build-logs/raw-014.log
raw-015,random-size-heavy,no-selected-sites,,0,/home/shin/arbiter/build/arbiter-bench/hotset-broad-sweep-v2-20260822-012131/configs/raw-015.config,/home/shin/arbiter/build/arbiter-bench/hotset-broad-sweep-v2-20260822-012131/builds/raw-015,/home/shin/arbiter/build/arbiter-bench/hotset-broad-sweep-v2-20260822-012131/build-logs/raw-015.log
raw-016,random-hybrid,duplicate-static:raw-013,68+69+71+90+97+98+99+100,8,/home/shin/arbiter/build/arbiter-bench/hotset-broad-sweep-v2-20260822-012131/configs/raw-016.config,/home/shin/arbiter/build/arbiter-bench/hotset-broad-sweep-v2-20260822-012131/builds/raw-016,/home/shin/arbiter/build/arbiter-bench/hotset-broad-sweep-v2-20260822-012131/build-logs/raw-016.log
raw-017,random-escape-heavy,unsafe-nonconstant-size:72+91,,,,/home/shin/arbiter/build/arbiter-bench/hotset-broad-sweep-v2-20260822-012131/builds/raw-017,/home/shin/arbiter/build/arbiter-bench/hotset-broad-sweep-v2-20260822-012131/build-logs/raw-017.log
raw-018,random-size-heavy,unsafe-nonconstant-size:72+91,,,,/home/shin/arbiter/build/arbiter-bench/hotset-broad-sweep-v2-20260822-012131/builds/raw-018,/home/shin/arbiter/build/arbiter-bench/hotset-broad-sweep-v2-20260822-012131/build-logs/raw-018.log
raw-019,random-size-heavy,unsafe-nonconstant-size:72,,,,/home/shin/arbiter/build/arbiter-bench/hotset-broad-sweep-v2-20260822-012131/builds/raw-019,/home/shin/arbiter/build/arbiter-bench/hotset-broad-sweep-v2-20260822-012131/build-logs/raw-019.log
raw-020,random-flat,no-selected-sites,,0,/home/shin/arbiter/build/arbiter-bench/hotset-broad-sweep-v2-20260822-012131/configs/raw-020.config,/home/shin/arbiter/build/arbiter-bench/hotset-broad-sweep-v2-20260822-012131/builds/raw-020,/home/shin/arbiter/build/arbiter-bench/hotset-broad-sweep-v2-20260822-012131/build-logs/raw-020.log
raw-021,random-default,selected,68+69+71+74+90+97+98+99+100,9,/home/shin/arbiter/build/arbiter-bench/hotset-broad-sweep-v2-20260822-012131/configs/raw-021.config,/home/shin/arbiter/build/arbiter-bench/hotset-broad-sweep-v2-20260822-012131/builds/raw-021,/home/shin/arbiter/build/arbiter-bench/hotset-broad-sweep-v2-20260822-012131/build-logs/raw-021.log
raw-022,random-sync-heavy,unsafe-nonconstant-size:72,,,,/home/shin/arbiter/build/arbiter-bench/hotset-broad-sweep-v2-20260822-012131/builds/raw-022,/home/shin/arbiter/build/arbiter-bench/hotset-broad-sweep-v2-20260822-012131/build-logs/raw-022.log
raw-023,random-hybrid,unsafe-nonconstant-size:72+91,,,,/home/shin/arbiter/build/arbiter-bench/hotset-broad-sweep-v2-20260822-012131/builds/raw-023,/home/shin/arbiter/build/arbiter-bench/hotset-broad-sweep-v2-20260822-012131/build-logs/raw-023.log
raw-024,random-default,unsafe-nonconstant-size:72,,,,/home/shin/arbiter/build/arbiter-bench/hotset-broad-sweep-v2-20260822-012131/builds/raw-024,/home/shin/arbiter/build/arbiter-bench/hotset-broad-sweep-v2-20260822-012131/build-logs/raw-024.log
raw-025,random-hybrid,unsafe-nonconstant-size:2+25+27+29+33+35+72+75+81+82+91+92+94,,,,/home/shin/arbiter/build/arbiter-bench/hotset-broad-sweep-v2-20260822-012131/builds/raw-025,/home/shin/arbiter/build/arbiter-bench/hotset-broad-sweep-v2-20260822-012131/build-logs/raw-025.log
raw-026,random-hybrid,unsafe-nonconstant-size:72,,,,/home/shin/arbiter/build/arbiter-bench/hotset-broad-sweep-v2-20260822-012131/builds/raw-026,/home/shin/arbiter/build/arbiter-bench/hotset-broad-sweep-v2-20260822-012131/build-logs/raw-026.log
raw-027,random-size-heavy,no-selected-sites,,0,/home/shin/arbiter/build/arbiter-bench/hotset-broad-sweep-v2-20260822-012131/configs/raw-027.config,/home/shin/arbiter/build/arbiter-bench/hotset-broad-sweep-v2-20260822-012131/builds/raw-027,/home/shin/arbiter/build/arbiter-bench/hotset-broad-sweep-v2-20260822-012131/build-logs/raw-027.log
raw-028,random-default,duplicate-static:raw-004,68+90+97+98+99+100,6,/home/shin/arbiter/build/arbiter-bench/hotset-broad-sweep-v2-20260822-012131/configs/raw-028.config,/home/shin/arbiter/build/arbiter-bench/hotset-broad-sweep-v2-20260822-012131/builds/raw-028,/home/shin/arbiter/build/arbiter-bench/hotset-broad-sweep-v2-20260822-012131/build-logs/raw-028.log
raw-029,random-hybrid,unsafe-nonconstant-size:72,,,,/home/shin/arbiter/build/arbiter-bench/hotset-broad-sweep-v2-20260822-012131/builds/raw-029,/home/shin/arbiter/build/arbiter-bench/hotset-broad-sweep-v2-20260822-012131/build-logs/raw-029.log
raw-030,random-escape-heavy,selected,21+68+69+90+97+98+99+100,8,/home/shin/arbiter/build/arbiter-bench/hotset-broad-sweep-v2-20260822-012131/configs/raw-030.config,/home/shin/arbiter/build/arbiter-bench/hotset-broad-sweep-v2-20260822-012131/builds/raw-030,/home/shin/arbiter/build/arbiter-bench/hotset-broad-sweep-v2-20260822-012131/build-logs/raw-030.log
raw-031,random-worker-heavy,unsafe-nonconstant-size:72,,,,/home/shin/arbiter/build/arbiter-bench/hotset-broad-sweep-v2-20260822-012131/builds/raw-031,/home/shin/arbiter/build/arbiter-bench/hotset-broad-sweep-v2-20260822-012131/build-logs/raw-031.log
raw-032,random-size-heavy,unsafe-nonconstant-size:72+91,,,,/home/shin/arbiter/build/arbiter-bench/hotset-broad-sweep-v2-20260822-012131/builds/raw-032,/home/shin/arbiter/build/arbiter-bench/hotset-broad-sweep-v2-20260822-012131/build-logs/raw-032.log
raw-033,random-flat,unsafe-nonconstant-size:2+25+27+29+31+32+72+75+81+82+91+92+94,,,,/home/shin/arbiter/build/arbiter-bench/hotset-broad-sweep-v2-20260822-012131/builds/raw-033,/home/shin/arbiter/build/arbiter-bench/hotset-broad-sweep-v2-20260822-012131/build-logs/raw-033.log
raw-034,random-default,duplicate-static:raw-002,97+99,2,/home/shin/arbiter/build/arbiter-bench/hotset-broad-sweep-v2-20260822-012131/configs/raw-034.config,/home/shin/arbiter/build/arbiter-bench/hotset-broad-sweep-v2-20260822-012131/builds/raw-034,/home/shin/arbiter/build/arbiter-bench/hotset-broad-sweep-v2-20260822-012131/build-logs/raw-034.log
raw-035,random-worker-heavy,selected,90+97+99,3,/home/shin/arbiter/build/arbiter-bench/hotset-broad-sweep-v2-20260822-012131/configs/raw-035.config,/home/shin/arbiter/build/arbiter-bench/hotset-broad-sweep-v2-20260822-012131/builds/raw-035,/home/shin/arbiter/build/arbiter-bench/hotset-broad-sweep-v2-20260822-012131/build-logs/raw-035.log
raw-036,random-escape-heavy,selected,68+90+97+99,4,/home/shin/arbiter/build/arbiter-bench/hotset-broad-sweep-v2-20260822-012131/configs/raw-036.config,/home/shin/arbiter/build/arbiter-bench/hotset-broad-sweep-v2-20260822-012131/builds/raw-036,/home/shin/arbiter/build/arbiter-bench/hotset-broad-sweep-v2-20260822-012131/build-logs/raw-036.log
raw-037,random-hybrid,duplicate-static:raw-036,68+90+97+99,4,/home/shin/arbiter/build/arbiter-bench/hotset-broad-sweep-v2-20260822-012131/configs/raw-037.config,/home/shin/arbiter/build/arbiter-bench/hotset-broad-sweep-v2-20260822-012131/builds/raw-037,/home/shin/arbiter/build/arbiter-bench/hotset-broad-sweep-v2-20260822-012131/build-logs/raw-037.log
raw-038,random-hybrid,duplicate-static:raw-009,68+69+90+97+98+99+100,7,/home/shin/arbiter/build/arbiter-bench/hotset-broad-sweep-v2-20260822-012131/configs/raw-038.config,/home/shin/arbiter/build/arbiter-bench/hotset-broad-sweep-v2-20260822-012131/builds/raw-038,/home/shin/arbiter/build/arbiter-bench/hotset-broad-sweep-v2-20260822-012131/build-logs/raw-038.log
raw-039,random-size-heavy,selected,68+71+74+90+97+99,6,/home/shin/arbiter/build/arbiter-bench/hotset-broad-sweep-v2-20260822-012131/configs/raw-039.config,/home/shin/arbiter/build/arbiter-bench/hotset-broad-sweep-v2-20260822-012131/builds/raw-039,/home/shin/arbiter/build/arbiter-bench/hotset-broad-sweep-v2-20260822-012131/build-logs/raw-039.log
raw-040,random-hybrid,duplicate-static:raw-013,68+69+71+90+97+98+99+100,8,/home/shin/arbiter/build/arbiter-bench/hotset-broad-sweep-v2-20260822-012131/configs/raw-040.config,/home/shin/arbiter/build/arbiter-bench/hotset-broad-sweep-v2-20260822-012131/builds/raw-040,/home/shin/arbiter/build/arbiter-bench/hotset-broad-sweep-v2-20260822-012131/build-logs/raw-040.log
raw-041,random-worker-heavy,unsafe-nonconstant-size:72,,,,/home/shin/arbiter/build/arbiter-bench/hotset-broad-sweep-v2-20260822-012131/builds/raw-041,/home/shin/arbiter/build/arbiter-bench/hotset-broad-sweep-v2-20260822-012131/build-logs/raw-041.log
raw-042,random-worker-heavy,unsafe-nonconstant-size:72+75+81+82+91+92+94,,,,/home/shin/arbiter/build/arbiter-bench/hotset-broad-sweep-v2-20260822-012131/builds/raw-042,/home/shin/arbiter/build/arbiter-bench/hotset-broad-sweep-v2-20260822-012131/build-logs/raw-042.log
raw-043,random-size-heavy,selected,21+37+54+68+69+71+74+90+97+98+99+100,12,/home/shin/arbiter/build/arbiter-bench/hotset-broad-sweep-v2-20260822-012131/configs/raw-043.config,/home/shin/arbiter/build/arbiter-bench/hotset-broad-sweep-v2-20260822-012131/builds/raw-043,/home/shin/arbiter/build/arbiter-bench/hotset-broad-sweep-v2-20260822-012131/build-logs/raw-043.log
raw-044,random-size-heavy,no-selected-sites,,0,/home/shin/arbiter/build/arbiter-bench/hotset-broad-sweep-v2-20260822-012131/configs/raw-044.config,/home/shin/arbiter/build/arbiter-bench/hotset-broad-sweep-v2-20260822-012131/builds/raw-044,/home/shin/arbiter/build/arbiter-bench/hotset-broad-sweep-v2-20260822-012131/build-logs/raw-044.log
raw-045,random-worker-heavy,unsafe-nonconstant-size:72,,,,/home/shin/arbiter/build/arbiter-bench/hotset-broad-sweep-v2-20260822-012131/builds/raw-045,/home/shin/arbiter/build/arbiter-bench/hotset-broad-sweep-v2-20260822-012131/build-logs/raw-045.log
raw-046,random-size-heavy,selected,68+71+74+90+97+98+99+100,8,/home/shin/arbiter/build/arbiter-bench/hotset-broad-sweep-v2-20260822-012131/configs/raw-046.config,/home/shin/arbiter/build/arbiter-bench/hotset-broad-sweep-v2-20260822-012131/builds/raw-046,/home/shin/arbiter/build/arbiter-bench/hotset-broad-sweep-v2-20260822-012131/build-logs/raw-046.log
raw-047,random-sync-heavy,selected,68+69+97+98+99+100,6,/home/shin/arbiter/build/arbiter-bench/hotset-broad-sweep-v2-20260822-012131/configs/raw-047.config,/home/shin/arbiter/build/arbiter-bench/hotset-broad-sweep-v2-20260822-012131/builds/raw-047,/home/shin/arbiter/build/arbiter-bench/hotset-broad-sweep-v2-20260822-012131/build-logs/raw-047.log
raw-048,random-flat,unsafe-nonconstant-size:72,,,,/home/shin/arbiter/build/arbiter-bench/hotset-broad-sweep-v2-20260822-012131/builds/raw-048,/home/shin/arbiter/build/arbiter-bench/hotset-broad-sweep-v2-20260822-012131/build-logs/raw-048.log
raw-049,random-worker-heavy,build-failed:1,,,,/home/shin/arbiter/build/arbiter-bench/hotset-broad-sweep-v2-20260822-012131/builds/raw-049,/home/shin/arbiter/build/arbiter-bench/hotset-broad-sweep-v2-20260822-012131/build-logs/raw-049.log
raw-050,random-escape-heavy,duplicate-static:raw-035,90+97+99,3,/home/shin/arbiter/build/arbiter-bench/hotset-broad-sweep-v2-20260822-012131/configs/raw-050.config,/home/shin/arbiter/build/arbiter-bench/hotset-broad-sweep-v2-20260822-012131/builds/raw-050,/home/shin/arbiter/build/arbiter-bench/hotset-broad-sweep-v2-20260822-012131/build-logs/raw-050.log
raw-051,random-escape-heavy,duplicate-static:raw-036,68+90+97+99,4,/home/shin/arbiter/build/arbiter-bench/hotset-broad-sweep-v2-20260822-012131/configs/raw-051.config,/home/shin/arbiter/build/arbiter-bench/hotset-broad-sweep-v2-20260822-012131/builds/raw-051,/home/shin/arbiter/build/arbiter-bench/hotset-broad-sweep-v2-20260822-012131/build-logs/raw-051.log
raw-052,random-hybrid,unsafe-nonconstant-size:2+25+60+64+66+72+75+81+82+91+92+94,,,,/home/shin/arbiter/build/arbiter-bench/hotset-broad-sweep-v2-20260822-012131/builds/raw-052,/home/shin/arbiter/build/arbiter-bench/hotset-broad-sweep-v2-20260822-012131/build-logs/raw-052.log
raw-053,random-hybrid,duplicate-static:raw-002,97+99,2,/home/shin/arbiter/build/arbiter-bench/hotset-broad-sweep-v2-20260822-012131/configs/raw-053.config,/home/shin/arbiter/build/arbiter-bench/hotset-broad-sweep-v2-20260822-012131/builds/raw-053,/home/shin/arbiter/build/arbiter-bench/hotset-broad-sweep-v2-20260822-012131/build-logs/raw-053.log
raw-054,random-sync-heavy,unsafe-nonconstant-size:72,,,,/home/shin/arbiter/build/arbiter-bench/hotset-broad-sweep-v2-20260822-012131/builds/raw-054,/home/shin/arbiter/build/arbiter-bench/hotset-broad-sweep-v2-20260822-012131/build-logs/raw-054.log
raw-055,random-flat,unsafe-nonconstant-size:72,,,,/home/shin/arbiter/build/arbiter-bench/hotset-broad-sweep-v2-20260822-012131/builds/raw-055,/home/shin/arbiter/build/arbiter-bench/hotset-broad-sweep-v2-20260822-012131/build-logs/raw-055.log
raw-056,random-hybrid,duplicate-static:raw-003,68+97+99,3,/home/shin/arbiter/build/arbiter-bench/hotset-broad-sweep-v2-20260822-012131/configs/raw-056.config,/home/shin/arbiter/build/arbiter-bench/hotset-broad-sweep-v2-20260822-012131/builds/raw-056,/home/shin/arbiter/build/arbiter-bench/hotset-broad-sweep-v2-20260822-012131/build-logs/raw-056.log
raw-057,random-default,duplicate-static:raw-036,68+90+97+99,4,/home/shin/arbiter/build/arbiter-bench/hotset-broad-sweep-v2-20260822-012131/configs/raw-057.config,/home/shin/arbiter/build/arbiter-bench/hotset-broad-sweep-v2-20260822-012131/builds/raw-057,/home/shin/arbiter/build/arbiter-bench/hotset-broad-sweep-v2-20260822-012131/build-logs/raw-057.log
raw-058,random-worker-heavy,unsafe-nonconstant-size:72,,,,/home/shin/arbiter/build/arbiter-bench/hotset-broad-sweep-v2-20260822-012131/builds/raw-058,/home/shin/arbiter/build/arbiter-bench/hotset-broad-sweep-v2-20260822-012131/build-logs/raw-058.log
raw-059,random-escape-heavy,unsafe-nonconstant-size:2+72+75+91+92+94,,,,/home/shin/arbiter/build/arbiter-bench/hotset-broad-sweep-v2-20260822-012131/builds/raw-059,/home/shin/arbiter/build/arbiter-bench/hotset-broad-sweep-v2-20260822-012131/build-logs/raw-059.log
raw-060,random-default,unsafe-nonconstant-size:72+75+81+82+91+92+94,,,,/home/shin/arbiter/build/arbiter-bench/hotset-broad-sweep-v2-20260822-012131/builds/raw-060,/home/shin/arbiter/build/arbiter-bench/hotset-broad-sweep-v2-20260822-012131/build-logs/raw-060.log
raw-061,random-hybrid,duplicate-static:raw-021,68+69+71+74+90+97+98+99+100,9,/home/shin/arbiter/build/arbiter-bench/hotset-broad-sweep-v2-20260822-012131/configs/raw-061.config,/home/shin/arbiter/build/arbiter-bench/hotset-broad-sweep-v2-20260822-012131/builds/raw-061,/home/shin/arbiter/build/arbiter-bench/hotset-broad-sweep-v2-20260822-012131/build-logs/raw-061.log
raw-062,random-flat,duplicate-static:raw-001,97,1,/home/shin/arbiter/build/arbiter-bench/hotset-broad-sweep-v2-20260822-012131/configs/raw-062.config,/home/shin/arbiter/build/arbiter-bench/hotset-broad-sweep-v2-20260822-012131/builds/raw-062,/home/shin/arbiter/build/arbiter-bench/hotset-broad-sweep-v2-20260822-012131/build-logs/raw-062.log
raw-063,random-escape-heavy,selected,90+97,2,/home/shin/arbiter/build/arbiter-bench/hotset-broad-sweep-v2-20260822-012131/configs/raw-063.config,/home/shin/arbiter/build/arbiter-bench/hotset-broad-sweep-v2-20260822-012131/builds/raw-063,/home/shin/arbiter/build/arbiter-bench/hotset-broad-sweep-v2-20260822-012131/build-logs/raw-063.log
raw-064,random-sync-heavy,unsafe-nonconstant-size:72,,,,/home/shin/arbiter/build/arbiter-bench/hotset-broad-sweep-v2-20260822-012131/builds/raw-064,/home/shin/arbiter/build/arbiter-bench/hotset-broad-sweep-v2-20260822-012131/build-logs/raw-064.log
raw-065,random-hybrid,duplicate-static:raw-036,68+90+97+99,4,/home/shin/arbiter/build/arbiter-bench/hotset-broad-sweep-v2-20260822-012131/configs/raw-065.config,/home/shin/arbiter/build/arbiter-bench/hotset-broad-sweep-v2-20260822-012131/builds/raw-065,/home/shin/arbiter/build/arbiter-bench/hotset-broad-sweep-v2-20260822-012131/build-logs/raw-065.log
raw-066,random-size-heavy,duplicate-static:raw-003,68+97+99,3,/home/shin/arbiter/build/arbiter-bench/hotset-broad-sweep-v2-20260822-012131/configs/raw-066.config,/home/shin/arbiter/build/arbiter-bench/hotset-broad-sweep-v2-20260822-012131/builds/raw-066,/home/shin/arbiter/build/arbiter-bench/hotset-broad-sweep-v2-20260822-012131/build-logs/raw-066.log
raw-067,random-sync-heavy,unsafe-nonconstant-size:72,,,,/home/shin/arbiter/build/arbiter-bench/hotset-broad-sweep-v2-20260822-012131/builds/raw-067,/home/shin/arbiter/build/arbiter-bench/hotset-broad-sweep-v2-20260822-012131/build-logs/raw-067.log
raw-068,random-size-heavy,unsafe-nonconstant-size:72,,,,/home/shin/arbiter/build/arbiter-bench/hotset-broad-sweep-v2-20260822-012131/builds/raw-068,/home/shin/arbiter/build/arbiter-bench/hotset-broad-sweep-v2-20260822-012131/build-logs/raw-068.log
raw-069,random-worker-heavy,unsafe-nonconstant-size:72,,,,/home/shin/arbiter/build/arbiter-bench/hotset-broad-sweep-v2-20260822-012131/builds/raw-069,/home/shin/arbiter/build/arbiter-bench/hotset-broad-sweep-v2-20260822-012131/build-logs/raw-069.log
raw-070,random-sync-heavy,unsafe-nonconstant-size:72+75+81,,,,/home/shin/arbiter/build/arbiter-bench/hotset-broad-sweep-v2-20260822-012131/builds/raw-070,/home/shin/arbiter/build/arbiter-bench/hotset-broad-sweep-v2-20260822-012131/build-logs/raw-070.log
raw-071,random-default,unsafe-nonconstant-size:72+91,,,,/home/shin/arbiter/build/arbiter-bench/hotset-broad-sweep-v2-20260822-012131/builds/raw-071,/home/shin/arbiter/build/arbiter-bench/hotset-broad-sweep-v2-20260822-012131/build-logs/raw-071.log
raw-072,random-sync-heavy,unsafe-nonconstant-size:2+25+27+29+33+72+75+81+82+91+92+94,,,,/home/shin/arbiter/build/arbiter-bench/hotset-broad-sweep-v2-20260822-012131/builds/raw-072,/home/shin/arbiter/build/arbiter-bench/hotset-broad-sweep-v2-20260822-012131/build-logs/raw-072.log
raw-073,random-sync-heavy,unsafe-nonconstant-size:72,,,,/home/shin/arbiter/build/arbiter-bench/hotset-broad-sweep-v2-20260822-012131/builds/raw-073,/home/shin/arbiter/build/arbiter-bench/hotset-broad-sweep-v2-20260822-012131/build-logs/raw-073.log
raw-074,random-escape-heavy,unsafe-nonconstant-size:2+25+27+29+33+35+38+72+75+91+92+94,,,,/home/shin/arbiter/build/arbiter-bench/hotset-broad-sweep-v2-20260822-012131/builds/raw-074,/home/shin/arbiter/build/arbiter-bench/hotset-broad-sweep-v2-20260822-012131/build-logs/raw-074.log
raw-075,random-hybrid,duplicate-static:raw-021,68+69+71+74+90+97+98+99+100,9,/home/shin/arbiter/build/arbiter-bench/hotset-broad-sweep-v2-20260822-012131/configs/raw-075.config,/home/shin/arbiter/build/arbiter-bench/hotset-broad-sweep-v2-20260822-012131/builds/raw-075,/home/shin/arbiter/build/arbiter-bench/hotset-broad-sweep-v2-20260822-012131/build-logs/raw-075.log
raw-076,random-escape-heavy,duplicate-static:raw-036,68+90+97+99,4,/home/shin/arbiter/build/arbiter-bench/hotset-broad-sweep-v2-20260822-012131/configs/raw-076.config,/home/shin/arbiter/build/arbiter-bench/hotset-broad-sweep-v2-20260822-012131/builds/raw-076,/home/shin/arbiter/build/arbiter-bench/hotset-broad-sweep-v2-20260822-012131/build-logs/raw-076.log
raw-077,random-escape-heavy,unsafe-nonconstant-size:72+91,,,,/home/shin/arbiter/build/arbiter-bench/hotset-broad-sweep-v2-20260822-012131/builds/raw-077,/home/shin/arbiter/build/arbiter-bench/hotset-broad-sweep-v2-20260822-012131/build-logs/raw-077.log
raw-078,random-escape-heavy,unsafe-nonconstant-size:72+91,,,,/home/shin/arbiter/build/arbiter-bench/hotset-broad-sweep-v2-20260822-012131/builds/raw-078,/home/shin/arbiter/build/arbiter-bench/hotset-broad-sweep-v2-20260822-012131/build-logs/raw-078.log
raw-079,random-hybrid,duplicate-static:raw-013,68+69+71+90+97+98+99+100,8,/home/shin/arbiter/build/arbiter-bench/hotset-broad-sweep-v2-20260822-012131/configs/raw-079.config,/home/shin/arbiter/build/arbiter-bench/hotset-broad-sweep-v2-20260822-012131/builds/raw-079,/home/shin/arbiter/build/arbiter-bench/hotset-broad-sweep-v2-20260822-012131/build-logs/raw-079.log
raw-080,random-sync-heavy,unsafe-nonconstant-size:72,,,,/home/shin/arbiter/build/arbiter-bench/hotset-broad-sweep-v2-20260822-012131/builds/raw-080,/home/shin/arbiter/build/arbiter-bench/hotset-broad-sweep-v2-20260822-012131/build-logs/raw-080.log
raw-081,random-size-heavy,selected,71+74,2,/home/shin/arbiter/build/arbiter-bench/hotset-broad-sweep-v2-20260822-012131/configs/raw-081.config,/home/shin/arbiter/build/arbiter-bench/hotset-broad-sweep-v2-20260822-012131/builds/raw-081,/home/shin/arbiter/build/arbiter-bench/hotset-broad-sweep-v2-20260822-012131/build-logs/raw-081.log
raw-082,random-size-heavy,selected,71,1,/home/shin/arbiter/build/arbiter-bench/hotset-broad-sweep-v2-20260822-012131/configs/raw-082.config,/home/shin/arbiter/build/arbiter-bench/hotset-broad-sweep-v2-20260822-012131/builds/raw-082,/home/shin/arbiter/build/arbiter-bench/hotset-broad-sweep-v2-20260822-012131/build-logs/raw-082.log
raw-083,random-size-heavy,unsafe-nonconstant-size:72,,,,/home/shin/arbiter/build/arbiter-bench/hotset-broad-sweep-v2-20260822-012131/builds/raw-083,/home/shin/arbiter/build/arbiter-bench/hotset-broad-sweep-v2-20260822-012131/build-logs/raw-083.log
raw-084,random-size-heavy,unsafe-nonconstant-size:72,,,,/home/shin/arbiter/build/arbiter-bench/hotset-broad-sweep-v2-20260822-012131/builds/raw-084,/home/shin/arbiter/build/arbiter-bench/hotset-broad-sweep-v2-20260822-012131/build-logs/raw-084.log
raw-085,random-sync-heavy,duplicate-static:raw-013,68+69+71+90+97+98+99+100,8,/home/shin/arbiter/build/arbiter-bench/hotset-broad-sweep-v2-20260822-012131/configs/raw-085.config,/home/shin/arbiter/build/arbiter-bench/hotset-broad-sweep-v2-20260822-012131/builds/raw-085,/home/shin/arbiter/build/arbiter-bench/hotset-broad-sweep-v2-20260822-012131/build-logs/raw-085.log
raw-086,random-flat,unsafe-nonconstant-size:72,,,,/home/shin/arbiter/build/arbiter-bench/hotset-broad-sweep-v2-20260822-012131/builds/raw-086,/home/shin/arbiter/build/arbiter-bench/hotset-broad-sweep-v2-20260822-012131/build-logs/raw-086.log
raw-087,random-worker-heavy,unsafe-nonconstant-size:72,,,,/home/shin/arbiter/build/arbiter-bench/hotset-broad-sweep-v2-20260822-012131/builds/raw-087,/home/shin/arbiter/build/arbiter-bench/hotset-broad-sweep-v2-20260822-012131/build-logs/raw-087.log
raw-088,random-flat,unsafe-nonconstant-size:72+75,,,,/home/shin/arbiter/build/arbiter-bench/hotset-broad-sweep-v2-20260822-012131/builds/raw-088,/home/shin/arbiter/build/arbiter-bench/hotset-broad-sweep-v2-20260822-012131/build-logs/raw-088.log
raw-089,random-hybrid,unsafe-nonconstant-size:72,,,,/home/shin/arbiter/build/arbiter-bench/hotset-broad-sweep-v2-20260822-012131/builds/raw-089,/home/shin/arbiter/build/arbiter-bench/hotset-broad-sweep-v2-20260822-012131/build-logs/raw-089.log
raw-090,random-size-heavy,unsafe-nonconstant-size:72,,,,/home/shin/arbiter/build/arbiter-bench/hotset-broad-sweep-v2-20260822-012131/builds/raw-090,/home/shin/arbiter/build/arbiter-bench/hotset-broad-sweep-v2-20260822-012131/build-logs/raw-090.log
raw-091,random-sync-heavy,unsafe-nonconstant-size:72,,,,/home/shin/arbiter/build/arbiter-bench/hotset-broad-sweep-v2-20260822-012131/builds/raw-091,/home/shin/arbiter/build/arbiter-bench/hotset-broad-sweep-v2-20260822-012131/build-logs/raw-091.log
raw-092,random-worker-heavy,unsafe-nonconstant-size:72+91,,,,/home/shin/arbiter/build/arbiter-bench/hotset-broad-sweep-v2-20260822-012131/builds/raw-092,/home/shin/arbiter/build/arbiter-bench/hotset-broad-sweep-v2-20260822-012131/build-logs/raw-092.log
raw-093,random-flat,unsafe-nonconstant-size:72,,,,/home/shin/arbiter/build/arbiter-bench/hotset-broad-sweep-v2-20260822-012131/builds/raw-093,/home/shin/arbiter/build/arbiter-bench/hotset-broad-sweep-v2-20260822-012131/build-logs/raw-093.log
raw-094,random-escape-heavy,unsafe-nonconstant-size:72,,,,/home/shin/arbiter/build/arbiter-bench/hotset-broad-sweep-v2-20260822-012131/builds/raw-094,/home/shin/arbiter/build/arbiter-bench/hotset-broad-sweep-v2-20260822-012131/build-logs/raw-094.log
raw-095,random-escape-heavy,unsafe-nonconstant-size:72,,,,/home/shin/arbiter/build/arbiter-bench/hotset-broad-sweep-v2-20260822-012131/builds/raw-095,/home/shin/arbiter/build/arbiter-bench/hotset-broad-sweep-v2-20260822-012131/build-logs/raw-095.log
raw-096,random-sync-heavy,unsafe-nonconstant-size:72,,,,/home/shin/arbiter/build/arbiter-bench/hotset-broad-sweep-v2-20260822-012131/builds/raw-096,/home/shin/arbiter/build/arbiter-bench/hotset-broad-sweep-v2-20260822-012131/build-logs/raw-096.log
raw-097,random-worker-heavy,unsafe-nonconstant-size:72+91,,,,/home/shin/arbiter/build/arbiter-bench/hotset-broad-sweep-v2-20260822-012131/builds/raw-097,/home/shin/arbiter/build/arbiter-bench/hotset-broad-sweep-v2-20260822-012131/build-logs/raw-097.log
raw-098,random-worker-heavy,unsafe-nonconstant-size:72,,,,/home/shin/arbiter/build/arbiter-bench/hotset-broad-sweep-v2-20260822-012131/builds/raw-098,/home/shin/arbiter/build/arbiter-bench/hotset-broad-sweep-v2-20260822-012131/build-logs/raw-098.log
raw-099,random-sync-heavy,duplicate-static:raw-047,68+69+97+98+99+100,6,/home/shin/arbiter/build/arbiter-bench/hotset-broad-sweep-v2-20260822-012131/configs/raw-099.config,/home/shin/arbiter/build/arbiter-bench/hotset-broad-sweep-v2-20260822-012131/builds/raw-099,/home/shin/arbiter/build/arbiter-bench/hotset-broad-sweep-v2-20260822-012131/build-logs/raw-099.log
raw-100,random-flat,duplicate-static:raw-004,68+90+97+98+99+100,6,/home/shin/arbiter/build/arbiter-bench/hotset-broad-sweep-v2-20260822-012131/configs/raw-100.config,/home/shin/arbiter/build/arbiter-bench/hotset-broad-sweep-v2-20260822-012131/builds/raw-100,/home/shin/arbiter/build/arbiter-bench/hotset-broad-sweep-v2-20260822-012131/build-logs/raw-100.log
