phase,candidate,replicate,position,requested_mode,actual_mode,status,throughput,max_rss_kb,swaps,arena_allocations,arena_peak_live,arena_assigned_bytes,arena_fallbacks,arena_resident_bytes,arena_majority_node,arena_query_error_pages,runtime_fingerprint,static_fingerprint,time_sec,wall_time,driver_exit,duration_seconds,sample_seconds,result_dir
native-start,native,1,1,native,native,ok,2.67045e+07,32641200,0,,,,,,,,native,native,60.0031,2:30.34,0,60,10,/home/shin/arbiter/build/arbiter-bench/hotset-broad-sweep-v2-20260822-012131/rows/001-native-start-native-r01-native
screen,raw-001,1,2,local,local,arena-report-missing,2.8479e+07,32641828,0,,,,,,,,none,97,15.002,1:13.58,1,15,5,/home/shin/arbiter/build/arbiter-bench/hotset-broad-sweep-v2-20260822-012131/rows/002-screen-raw-001-r01-local
screen,raw-001,1,3,cxl,remote,arena-report-missing,2.69461e+07,32641832,0,,,,,,,,none,97,15.0034,1:13.62,1,15,5,/home/shin/arbiter/build/arbiter-bench/hotset-broad-sweep-v2-20260822-012131/rows/003-screen-raw-001-r01-cxl
screen,raw-002,1,4,cxl,remote,arena-report-missing,2.67515e+07,32641816,0,,,,,,,,none,97+99,15.0055,1:13.56,1,15,5,/home/shin/arbiter/build/arbiter-bench/hotset-broad-sweep-v2-20260822-012131/rows/004-screen-raw-002-r01-cxl
screen,raw-002,1,5,local,local,arena-report-missing,2.89727e+07,32641788,0,,,,,,,,none,97+99,15.0039,1:12.07,1,15,5,/home/shin/arbiter/build/arbiter-bench/hotset-broad-sweep-v2-20260822-012131/rows/005-screen-raw-002-r01-local
screen,raw-003,1,6,local,local,ok,2.7413e+07,33440320,0,26395417,26395417,3380609024,0,3378614272,0,0,68,68+97+99,15.0015,1:16.81,0,15,5,/home/shin/arbiter/build/arbiter-bench/hotset-broad-sweep-v2-20260822-012131/rows/006-screen-raw-003-r01-local
screen,raw-003,1,7,cxl,remote,ok,4.35071e+07,33440300,0,26395417,26395417,3380609024,0,3378614272,2,0,68,68+97+99,15.0031,1:17.53,0,15,5,/home/shin/arbiter/build/arbiter-bench/hotset-broad-sweep-v2-20260822-012131/rows/007-screen-raw-003-r01-cxl
screen,raw-004,1,8,cxl,remote,ok,4.33192e+07,33440340,0,26395417,26395417,3380609024,0,3378614272,2,0,68,68+90+97+98+99+100,15.0061,1:17.76,0,15,5,/home/shin/arbiter/build/arbiter-bench/hotset-broad-sweep-v2-20260822-012131/rows/008-screen-raw-004-r01-cxl
screen,raw-004,1,9,local,local,ok,2.87178e+07,33440268,0,26395417,26395417,3380609024,0,3378614272,0,0,68,68+90+97+98+99+100,15.0041,1:16.93,0,15,5,/home/shin/arbiter/build/arbiter-bench/hotset-broad-sweep-v2-20260822-012131/rows/009-screen-raw-004-r01-local
screen,raw-009,1,10,local,local,ok,2.80825e+07,34880068,0,52790834,52790758,5070913536,0,5067919360,0,0,68+69,68+69+90+97+98+99+100,15.0033,1:19.24,0,15,5,/home/shin/arbiter/build/arbiter-bench/hotset-broad-sweep-v2-20260822-012131/rows/010-screen-raw-009-r01-local
screen,raw-009,1,11,cxl,remote,ok,4.08092e+07,34880064,0,52790834,52790758,5070913536,0,5067919360,2,0,68+69,68+69+90+97+98+99+100,15.004,1:20.79,0,15,5,/home/shin/arbiter/build/arbiter-bench/hotset-broad-sweep-v2-20260822-012131/rows/011-screen-raw-009-r01-cxl
screen,raw-013,1,12,cxl,remote,ok,5.74919e+07,33102796,0,79186456,79186380,20279459840,0,20275511296,2,0,68+69+71,68+69+71+90+97+98+99+100,15.0041,1:27.44,0,15,5,/home/shin/arbiter/build/arbiter-bench/hotset-broad-sweep-v2-20260822-012131/rows/012-screen-raw-013-r01-cxl
screen,raw-013,1,13,local,local,ok,2.84733e+07,33102760,0,79186456,79186380,20279459840,0,20275511296,0,0,68+69+71,68+69+71+90+97+98+99+100,15.0041,1:20.25,0,15,5,/home/shin/arbiter/build/arbiter-bench/hotset-broad-sweep-v2-20260822-012131/rows/013-screen-raw-013-r01-local
screen,raw-014,1,14,local,local,ok,2.69439e+07,30864904,0,26395622,26395622,15208546304,0,15207591936,0,0,71,71+97+98+99+100,15.0031,1:15.43,0,15,5,/home/shin/arbiter/build/arbiter-bench/hotset-broad-sweep-v2-20260822-012131/rows/014-screen-raw-014-r01-local
screen,raw-014,1,15,cxl,remote,ok,4.80064e+07,30864968,0,26395622,26395622,15208546304,0,15207591936,2,0,71,71+97+98+99+100,15.0037,1:21.56,0,15,5,/home/shin/arbiter/build/arbiter-bench/hotset-broad-sweep-v2-20260822-012131/rows/015-screen-raw-014-r01-cxl
screen,raw-021,1,16,cxl,remote,ok,5.72646e+07,33102824,0,79186599,79186523,20281556992,0,20275597312,2,0,68+69+71+74,68+69+71+74+90+97+98+99+100,15.0043,1:30.22,0,15,5,/home/shin/arbiter/build/arbiter-bench/hotset-broad-sweep-v2-20260822-012131/rows/016-screen-raw-021-r01-cxl
screen,raw-021,1,17,local,local,ok,2.81358e+07,33102840,0,79186599,79186523,20281556992,0,20275597312,0,0,68+69+71+74,68+69+71+74+90+97+98+99+100,15.0064,1:20.77,0,15,5,/home/shin/arbiter/build/arbiter-bench/hotset-broad-sweep-v2-20260822-012131/rows/017-screen-raw-021-r01-local
screen,raw-030,1,18,local,local,ok,2.72467e+07,34880080,0,52790835,52790759,5073010688,0,5067923456,0,0,21+68+69,21+68+69+90+97+98+99+100,15.0059,1:19.63,0,15,5,/home/shin/arbiter/build/arbiter-bench/hotset-broad-sweep-v2-20260822-012131/rows/018-screen-raw-030-r01-local
screen,raw-030,1,19,cxl,remote,ok,4.25346e+07,34880124,0,52790835,52790759,5073010688,0,5067923456,2,0,21+68+69,21+68+69+90+97+98+99+100,15.0038,1:21.86,0,15,5,/home/shin/arbiter/build/arbiter-bench/hotset-broad-sweep-v2-20260822-012131/rows/019-screen-raw-030-r01-cxl
screen,raw-035,1,20,cxl,remote,arena-report-missing,2.8174e+07,32641804,0,,,,,,,,none,90+97+99,15.0046,1:13.69,1,15,5,/home/shin/arbiter/build/arbiter-bench/hotset-broad-sweep-v2-20260822-012131/rows/020-screen-raw-035-r01-cxl
screen,raw-035,1,21,local,local,arena-report-missing,2.603e+07,32641804,0,,,,,,,,none,90+97+99,15.0037,1:13.45,1,15,5,/home/shin/arbiter/build/arbiter-bench/hotset-broad-sweep-v2-20260822-012131/rows/021-screen-raw-035-r01-local
screen,raw-036,1,22,local,local,ok,2.84808e+07,33439756,0,26395417,26395417,3380609024,0,3378614272,0,0,68,68+90+97+99,15.0053,1:17.62,0,15,5,/home/shin/arbiter/build/arbiter-bench/hotset-broad-sweep-v2-20260822-012131/rows/022-screen-raw-036-r01-local
screen,raw-036,1,23,cxl,remote,ok,3.99403e+07,33440324,0,26395417,26395417,3380609024,0,3378614272,2,0,68,68+90+97+99,15.0039,1:18.14,0,15,5,/home/shin/arbiter/build/arbiter-bench/hotset-broad-sweep-v2-20260822-012131/rows/023-screen-raw-036-r01-cxl
screen,raw-039,1,24,cxl,remote,ok,5.62444e+07,31662772,0,52791182,52791182,18591252480,0,18586292224,2,0,68+71+74,68+71+74+90+97+99,15.0039,1:27.34,0,15,5,/home/shin/arbiter/build/arbiter-bench/hotset-broad-sweep-v2-20260822-012131/rows/024-screen-raw-039-r01-cxl
screen,raw-039,1,25,local,local,ok,2.85179e+07,31662816,0,52791182,52791182,18591252480,0,18586292224,0,0,68+71+74,68+71+74+90+97+99,15.0045,1:18.18,0,15,5,/home/shin/arbiter/build/arbiter-bench/hotset-broad-sweep-v2-20260822-012131/rows/025-screen-raw-039-r01-local
screen,raw-043,1,26,local,local,ok,2.90301e+07,33102792,0,79186700,79186624,20285751296,0,20275609600,0,0,21+37+68+69+71+74,21+37+54+68+69+71+74+90+97+98+99+100,15.0031,1:20.28,0,15,5,/home/shin/arbiter/build/arbiter-bench/hotset-broad-sweep-v2-20260822-012131/rows/026-screen-raw-043-r01-local
screen,raw-043,1,27,cxl,remote,ok,5.78091e+07,33102880,0,79186700,79186624,20285751296,0,20275609600,2,0,21+37+68+69+71+74,21+37+54+68+69+71+74+90+97+98+99+100,15.0051,1:28.46,0,15,5,/home/shin/arbiter/build/arbiter-bench/hotset-broad-sweep-v2-20260822-012131/rows/027-screen-raw-043-r01-cxl
screen,raw-046,1,28,cxl,remote,ok,5.54247e+07,31662848,0,52791182,52791182,18591252480,0,18586292224,2,0,68+71+74,68+71+74+90+97+98+99+100,15.0042,1:24.91,0,15,5,/home/shin/arbiter/build/arbiter-bench/hotset-broad-sweep-v2-20260822-012131/rows/028-screen-raw-046-r01-cxl
screen,raw-046,1,29,local,local,ok,2.80613e+07,31662744,0,52791182,52791182,18591252480,0,18586292224,0,0,68+71+74,68+71+74+90+97+98+99+100,15.0025,1:18.11,0,15,5,/home/shin/arbiter/build/arbiter-bench/hotset-broad-sweep-v2-20260822-012131/rows/029-screen-raw-046-r01-local
screen,raw-047,1,30,local,local,ok,2.86014e+07,34880092,0,52790834,52790758,5070913536,0,5067919360,0,0,68+69,68+69+97+98+99+100,15.0045,1:19.19,0,15,5,/home/shin/arbiter/build/arbiter-bench/hotset-broad-sweep-v2-20260822-012131/rows/030-screen-raw-047-r01-local
screen,raw-047,1,31,cxl,remote,ok,4.14265e+07,34880068,0,52790834,52790758,5070913536,0,5067919360,2,0,68+69,68+69+97+98+99+100,15.0039,1:21.12,0,15,5,/home/shin/arbiter/build/arbiter-bench/hotset-broad-sweep-v2-20260822-012131/rows/031-screen-raw-047-r01-cxl
screen,raw-063,1,32,cxl,remote,arena-report-missing,2.73129e+07,32641828,0,,,,,,,,none,90+97,15.0068,1:13.55,1,15,5,/home/shin/arbiter/build/arbiter-bench/hotset-broad-sweep-v2-20260822-012131/rows/032-screen-raw-063-r01-cxl
screen,raw-063,1,33,local,local,arena-report-missing,2.81427e+07,32641820,0,,,,,,,,none,90+97,15.0016,1:13.44,1,15,5,/home/shin/arbiter/build/arbiter-bench/hotset-broad-sweep-v2-20260822-012131/rows/033-screen-raw-063-r01-local
screen,raw-081,1,34,local,local,ok,2.79017e+07,30864960,0,26395765,26395765,15210643456,0,15207677952,0,0,71+74,71+74,15.0021,1:15.54,0,15,5,/home/shin/arbiter/build/arbiter-bench/hotset-broad-sweep-v2-20260822-012131/rows/034-screen-raw-081-r01-local
screen,raw-081,1,35,cxl,remote,ok,4.27005e+07,30864904,0,26395765,26395765,15210643456,0,15207677952,2,0,71+74,71+74,15.0034,1:21.91,0,15,5,/home/shin/arbiter/build/arbiter-bench/hotset-broad-sweep-v2-20260822-012131/rows/035-screen-raw-081-r01-cxl
screen,raw-082,1,36,cxl,remote,ok,4.58437e+07,30864916,0,26395622,26395622,15208546304,0,15207591936,2,0,71,71,15.0053,1:21.78,0,15,5,/home/shin/arbiter/build/arbiter-bench/hotset-broad-sweep-v2-20260822-012131/rows/036-screen-raw-082-r01-cxl
screen,raw-082,1,37,local,local,ok,2.89271e+07,30864976,0,26395622,26395622,15208546304,0,15207591936,0,0,71,71,15.0038,1:15.68,0,15,5,/home/shin/arbiter/build/arbiter-bench/hotset-broad-sweep-v2-20260822-012131/rows/037-screen-raw-082-r01-local
native-middle,native,2,38,native,native,ok,2.72819e+07,32641828,0,,,,,,,,native,native,60.0047,1:58.14,0,60,10,/home/shin/arbiter/build/arbiter-bench/hotset-broad-sweep-v2-20260822-012131/rows/038-native-middle-native-r02-native
