raw-001	auto-k1-fixed	/home/shin/arbiter/build/arbiter-bench/hotset-broad-sweep-v2-20260822-012131/configs/raw-001.config
raw-002	auto-k2-fixed	/home/shin/arbiter/build/arbiter-bench/hotset-broad-sweep-v2-20260822-012131/configs/raw-002.config
raw-003	auto-k3-fixed	/home/shin/arbiter/build/arbiter-bench/hotset-broad-sweep-v2-20260822-012131/configs/raw-003.config
raw-004	auto-k6-fixed	/home/shin/arbiter/build/arbiter-bench/hotset-broad-sweep-v2-20260822-012131/configs/raw-004.config
raw-005	broad-default	/home/shin/arbiter/build/arbiter-bench/hotset-broad-sweep-v2-20260822-012131/configs/raw-005.config
raw-006	broad-top8	/home/shin/arbiter/build/arbiter-bench/hotset-broad-sweep-v2-20260822-012131/configs/raw-006.config
raw-007	broad-top12-noexp	/home/shin/arbiter/build/arbiter-bench/hotset-broad-sweep-v2-20260822-012131/configs/raw-007.config
raw-008	permissive-deep	/home/shin/arbiter/build/arbiter-bench/hotset-broad-sweep-v2-20260822-012131/configs/raw-008.config
raw-009	strict-fixed	/home/shin/arbiter/build/arbiter-bench/hotset-broad-sweep-v2-20260822-012131/configs/raw-009.config
raw-010	fixed-small-threshold	/home/shin/arbiter/build/arbiter-bench/hotset-broad-sweep-v2-20260822-012131/configs/raw-010.config
raw-011	high-affinity	/home/shin/arbiter/build/arbiter-bench/hotset-broad-sweep-v2-20260822-012131/configs/raw-011.config
raw-012	deep-expansion	/home/shin/arbiter/build/arbiter-bench/hotset-broad-sweep-v2-20260822-012131/configs/raw-012.config
raw-013	flat-fixed-aggressive	/home/shin/arbiter/build/arbiter-bench/hotset-broad-sweep-v2-20260822-012131/configs/raw-013.config
raw-014	hybrid-fixed-expansion	/home/shin/arbiter/build/arbiter-bench/hotset-broad-sweep-v2-20260822-012131/configs/raw-014.config
raw-015	random-size-heavy	/home/shin/arbiter/build/arbiter-bench/hotset-broad-sweep-v2-20260822-012131/configs/raw-015.config
raw-016	random-hybrid	/home/shin/arbiter/build/arbiter-bench/hotset-broad-sweep-v2-20260822-012131/configs/raw-016.config
raw-017	random-escape-heavy	/home/shin/arbiter/build/arbiter-bench/hotset-broad-sweep-v2-20260822-012131/configs/raw-017.config
raw-018	random-size-heavy	/home/shin/arbiter/build/arbiter-bench/hotset-broad-sweep-v2-20260822-012131/configs/raw-018.config
raw-019	random-size-heavy	/home/shin/arbiter/build/arbiter-bench/hotset-broad-sweep-v2-20260822-012131/configs/raw-019.config
raw-020	random-flat	/home/shin/arbiter/build/arbiter-bench/hotset-broad-sweep-v2-20260822-012131/configs/raw-020.config
raw-021	random-default	/home/shin/arbiter/build/arbiter-bench/hotset-broad-sweep-v2-20260822-012131/configs/raw-021.config
raw-022	random-sync-heavy	/home/shin/arbiter/build/arbiter-bench/hotset-broad-sweep-v2-20260822-012131/configs/raw-022.config
raw-023	random-hybrid	/home/shin/arbiter/build/arbiter-bench/hotset-broad-sweep-v2-20260822-012131/configs/raw-023.config
raw-024	random-default	/home/shin/arbiter/build/arbiter-bench/hotset-broad-sweep-v2-20260822-012131/configs/raw-024.config
raw-025	random-hybrid	/home/shin/arbiter/build/arbiter-bench/hotset-broad-sweep-v2-20260822-012131/configs/raw-025.config
raw-026	random-hybrid	/home/shin/arbiter/build/arbiter-bench/hotset-broad-sweep-v2-20260822-012131/configs/raw-026.config
raw-027	random-size-heavy	/home/shin/arbiter/build/arbiter-bench/hotset-broad-sweep-v2-20260822-012131/configs/raw-027.config
raw-028	random-default	/home/shin/arbiter/build/arbiter-bench/hotset-broad-sweep-v2-20260822-012131/configs/raw-028.config
raw-029	random-hybrid	/home/shin/arbiter/build/arbiter-bench/hotset-broad-sweep-v2-20260822-012131/configs/raw-029.config
raw-030	random-escape-heavy	/home/shin/arbiter/build/arbiter-bench/hotset-broad-sweep-v2-20260822-012131/configs/raw-030.config
raw-031	random-worker-heavy	/home/shin/arbiter/build/arbiter-bench/hotset-broad-sweep-v2-20260822-012131/configs/raw-031.config
raw-032	random-size-heavy	/home/shin/arbiter/build/arbiter-bench/hotset-broad-sweep-v2-20260822-012131/configs/raw-032.config
raw-033	random-flat	/home/shin/arbiter/build/arbiter-bench/hotset-broad-sweep-v2-20260822-012131/configs/raw-033.config
raw-034	random-default	/home/shin/arbiter/build/arbiter-bench/hotset-broad-sweep-v2-20260822-012131/configs/raw-034.config
raw-035	random-worker-heavy	/home/shin/arbiter/build/arbiter-bench/hotset-broad-sweep-v2-20260822-012131/configs/raw-035.config
raw-036	random-escape-heavy	/home/shin/arbiter/build/arbiter-bench/hotset-broad-sweep-v2-20260822-012131/configs/raw-036.config
raw-037	random-hybrid	/home/shin/arbiter/build/arbiter-bench/hotset-broad-sweep-v2-20260822-012131/configs/raw-037.config
raw-038	random-hybrid	/home/shin/arbiter/build/arbiter-bench/hotset-broad-sweep-v2-20260822-012131/configs/raw-038.config
raw-039	random-size-heavy	/home/shin/arbiter/build/arbiter-bench/hotset-broad-sweep-v2-20260822-012131/configs/raw-039.config
raw-040	random-hybrid	/home/shin/arbiter/build/arbiter-bench/hotset-broad-sweep-v2-20260822-012131/configs/raw-040.config
raw-041	random-worker-heavy	/home/shin/arbiter/build/arbiter-bench/hotset-broad-sweep-v2-20260822-012131/configs/raw-041.config
raw-042	random-worker-heavy	/home/shin/arbiter/build/arbiter-bench/hotset-broad-sweep-v2-20260822-012131/configs/raw-042.config
raw-043	random-size-heavy	/home/shin/arbiter/build/arbiter-bench/hotset-broad-sweep-v2-20260822-012131/configs/raw-043.config
raw-044	random-size-heavy	/home/shin/arbiter/build/arbiter-bench/hotset-broad-sweep-v2-20260822-012131/configs/raw-044.config
raw-045	random-worker-heavy	/home/shin/arbiter/build/arbiter-bench/hotset-broad-sweep-v2-20260822-012131/configs/raw-045.config
raw-046	random-size-heavy	/home/shin/arbiter/build/arbiter-bench/hotset-broad-sweep-v2-20260822-012131/configs/raw-046.config
raw-047	random-sync-heavy	/home/shin/arbiter/build/arbiter-bench/hotset-broad-sweep-v2-20260822-012131/configs/raw-047.config
raw-048	random-flat	/home/shin/arbiter/build/arbiter-bench/hotset-broad-sweep-v2-20260822-012131/configs/raw-048.config
raw-049	random-worker-heavy	/home/shin/arbiter/build/arbiter-bench/hotset-broad-sweep-v2-20260822-012131/configs/raw-049.config
raw-050	random-escape-heavy	/home/shin/arbiter/build/arbiter-bench/hotset-broad-sweep-v2-20260822-012131/configs/raw-050.config
raw-051	random-escape-heavy	/home/shin/arbiter/build/arbiter-bench/hotset-broad-sweep-v2-20260822-012131/configs/raw-051.config
raw-052	random-hybrid	/home/shin/arbiter/build/arbiter-bench/hotset-broad-sweep-v2-20260822-012131/configs/raw-052.config
raw-053	random-hybrid	/home/shin/arbiter/build/arbiter-bench/hotset-broad-sweep-v2-20260822-012131/configs/raw-053.config
raw-054	random-sync-heavy	/home/shin/arbiter/build/arbiter-bench/hotset-broad-sweep-v2-20260822-012131/configs/raw-054.config
raw-055	random-flat	/home/shin/arbiter/build/arbiter-bench/hotset-broad-sweep-v2-20260822-012131/configs/raw-055.config
raw-056	random-hybrid	/home/shin/arbiter/build/arbiter-bench/hotset-broad-sweep-v2-20260822-012131/configs/raw-056.config
raw-057	random-default	/home/shin/arbiter/build/arbiter-bench/hotset-broad-sweep-v2-20260822-012131/configs/raw-057.config
raw-058	random-worker-heavy	/home/shin/arbiter/build/arbiter-bench/hotset-broad-sweep-v2-20260822-012131/configs/raw-058.config
raw-059	random-escape-heavy	/home/shin/arbiter/build/arbiter-bench/hotset-broad-sweep-v2-20260822-012131/configs/raw-059.config
raw-060	random-default	/home/shin/arbiter/build/arbiter-bench/hotset-broad-sweep-v2-20260822-012131/configs/raw-060.config
raw-061	random-hybrid	/home/shin/arbiter/build/arbiter-bench/hotset-broad-sweep-v2-20260822-012131/configs/raw-061.config
raw-062	random-flat	/home/shin/arbiter/build/arbiter-bench/hotset-broad-sweep-v2-20260822-012131/configs/raw-062.config
raw-063	random-escape-heavy	/home/shin/arbiter/build/arbiter-bench/hotset-broad-sweep-v2-20260822-012131/configs/raw-063.config
raw-064	random-sync-heavy	/home/shin/arbiter/build/arbiter-bench/hotset-broad-sweep-v2-20260822-012131/configs/raw-064.config
raw-065	random-hybrid	/home/shin/arbiter/build/arbiter-bench/hotset-broad-sweep-v2-20260822-012131/configs/raw-065.config
raw-066	random-size-heavy	/home/shin/arbiter/build/arbiter-bench/hotset-broad-sweep-v2-20260822-012131/configs/raw-066.config
raw-067	random-sync-heavy	/home/shin/arbiter/build/arbiter-bench/hotset-broad-sweep-v2-20260822-012131/configs/raw-067.config
raw-068	random-size-heavy	/home/shin/arbiter/build/arbiter-bench/hotset-broad-sweep-v2-20260822-012131/configs/raw-068.config
raw-069	random-worker-heavy	/home/shin/arbiter/build/arbiter-bench/hotset-broad-sweep-v2-20260822-012131/configs/raw-069.config
raw-070	random-sync-heavy	/home/shin/arbiter/build/arbiter-bench/hotset-broad-sweep-v2-20260822-012131/configs/raw-070.config
raw-071	random-default	/home/shin/arbiter/build/arbiter-bench/hotset-broad-sweep-v2-20260822-012131/configs/raw-071.config
raw-072	random-sync-heavy	/home/shin/arbiter/build/arbiter-bench/hotset-broad-sweep-v2-20260822-012131/configs/raw-072.config
raw-073	random-sync-heavy	/home/shin/arbiter/build/arbiter-bench/hotset-broad-sweep-v2-20260822-012131/configs/raw-073.config
raw-074	random-escape-heavy	/home/shin/arbiter/build/arbiter-bench/hotset-broad-sweep-v2-20260822-012131/configs/raw-074.config
raw-075	random-hybrid	/home/shin/arbiter/build/arbiter-bench/hotset-broad-sweep-v2-20260822-012131/configs/raw-075.config
raw-076	random-escape-heavy	/home/shin/arbiter/build/arbiter-bench/hotset-broad-sweep-v2-20260822-012131/configs/raw-076.config
raw-077	random-escape-heavy	/home/shin/arbiter/build/arbiter-bench/hotset-broad-sweep-v2-20260822-012131/configs/raw-077.config
raw-078	random-escape-heavy	/home/shin/arbiter/build/arbiter-bench/hotset-broad-sweep-v2-20260822-012131/configs/raw-078.config
raw-079	random-hybrid	/home/shin/arbiter/build/arbiter-bench/hotset-broad-sweep-v2-20260822-012131/configs/raw-079.config
raw-080	random-sync-heavy	/home/shin/arbiter/build/arbiter-bench/hotset-broad-sweep-v2-20260822-012131/configs/raw-080.config
raw-081	random-size-heavy	/home/shin/arbiter/build/arbiter-bench/hotset-broad-sweep-v2-20260822-012131/configs/raw-081.config
raw-082	random-size-heavy	/home/shin/arbiter/build/arbiter-bench/hotset-broad-sweep-v2-20260822-012131/configs/raw-082.config
raw-083	random-size-heavy	/home/shin/arbiter/build/arbiter-bench/hotset-broad-sweep-v2-20260822-012131/configs/raw-083.config
raw-084	random-size-heavy	/home/shin/arbiter/build/arbiter-bench/hotset-broad-sweep-v2-20260822-012131/configs/raw-084.config
raw-085	random-sync-heavy	/home/shin/arbiter/build/arbiter-bench/hotset-broad-sweep-v2-20260822-012131/configs/raw-085.config
raw-086	random-flat	/home/shin/arbiter/build/arbiter-bench/hotset-broad-sweep-v2-20260822-012131/configs/raw-086.config
raw-087	random-worker-heavy	/home/shin/arbiter/build/arbiter-bench/hotset-broad-sweep-v2-20260822-012131/configs/raw-087.config
raw-088	random-flat	/home/shin/arbiter/build/arbiter-bench/hotset-broad-sweep-v2-20260822-012131/configs/raw-088.config
raw-089	random-hybrid	/home/shin/arbiter/build/arbiter-bench/hotset-broad-sweep-v2-20260822-012131/configs/raw-089.config
raw-090	random-size-heavy	/home/shin/arbiter/build/arbiter-bench/hotset-broad-sweep-v2-20260822-012131/configs/raw-090.config
raw-091	random-sync-heavy	/home/shin/arbiter/build/arbiter-bench/hotset-broad-sweep-v2-20260822-012131/configs/raw-091.config
raw-092	random-worker-heavy	/home/shin/arbiter/build/arbiter-bench/hotset-broad-sweep-v2-20260822-012131/configs/raw-092.config
raw-093	random-flat	/home/shin/arbiter/build/arbiter-bench/hotset-broad-sweep-v2-20260822-012131/configs/raw-093.config
raw-094	random-escape-heavy	/home/shin/arbiter/build/arbiter-bench/hotset-broad-sweep-v2-20260822-012131/configs/raw-094.config
raw-095	random-escape-heavy	/home/shin/arbiter/build/arbiter-bench/hotset-broad-sweep-v2-20260822-012131/configs/raw-095.config
raw-096	random-sync-heavy	/home/shin/arbiter/build/arbiter-bench/hotset-broad-sweep-v2-20260822-012131/configs/raw-096.config
raw-097	random-worker-heavy	/home/shin/arbiter/build/arbiter-bench/hotset-broad-sweep-v2-20260822-012131/configs/raw-097.config
raw-098	random-worker-heavy	/home/shin/arbiter/build/arbiter-bench/hotset-broad-sweep-v2-20260822-012131/configs/raw-098.config
raw-099	random-sync-heavy	/home/shin/arbiter/build/arbiter-bench/hotset-broad-sweep-v2-20260822-012131/configs/raw-099.config
raw-100	random-flat	/home/shin/arbiter/build/arbiter-bench/hotset-broad-sweep-v2-20260822-012131/configs/raw-100.config
