phase,candidate,replicate,position,requested_mode,benchmark,workload,config,repeat,actual_mode,elapsed_sec,interval_sec,interval_ops,interval_ops_per_sec,cumulative_ops,cumulative_ops_per_sec,final,log
native-start,native,1,1,native,xindex,a,native,1,native,10.0006,10.0006,265995520,2.6598e+07,265995520,2.6598e+07,0,/home/shin/arbiter/build/arbiter-bench/hotset-broad-sweep-v2-20260822-012131/rows/001-native-start-native-r01-native/logs/xindex_a_native_r1.log
native-start,native,1,1,native,xindex,a,native,1,native,20.0006,10,267243975,2.67244e+07,533239495,2.66612e+07,0,/home/shin/arbiter/build/arbiter-bench/hotset-broad-sweep-v2-20260822-012131/rows/001-native-start-native-r01-native/logs/xindex_a_native_r1.log
native-start,native,1,1,native,xindex,a,native,1,native,30.0006,10,267959270,2.67959e+07,801198765,2.67061e+07,0,/home/shin/arbiter/build/arbiter-bench/hotset-broad-sweep-v2-20260822-012131/rows/001-native-start-native-r01-native/logs/xindex_a_native_r1.log
native-start,native,1,1,native,xindex,a,native,1,native,40.0006,10,267327002,2.67327e+07,1068525767,2.67128e+07,0,/home/shin/arbiter/build/arbiter-bench/hotset-broad-sweep-v2-20260822-012131/rows/001-native-start-native-r01-native/logs/xindex_a_native_r1.log
native-start,native,1,1,native,xindex,a,native,1,native,50.0033,10.0027,266326016,2.66253e+07,1334851783,2.66953e+07,0,/home/shin/arbiter/build/arbiter-bench/hotset-broad-sweep-v2-20260822-012131/rows/001-native-start-native-r01-native/logs/xindex_a_native_r1.log
native-start,native,1,1,native,xindex,a,native,1,native,60.0031,9.99983,267499380,2.67504e+07,1602351163,2.67045e+07,1,/home/shin/arbiter/build/arbiter-bench/hotset-broad-sweep-v2-20260822-012131/rows/001-native-start-native-r01-native/logs/xindex_a_native_r1.log
screen,raw-001,1,2,local,xindex,a,hotset-use-local,1,local,5.00139,5.00139,141966848,2.83855e+07,141966848,2.83855e+07,0,/home/shin/arbiter/build/arbiter-bench/hotset-broad-sweep-v2-20260822-012131/rows/002-screen-raw-001-r01-local/logs/xindex_a_hotset-use-local_r1.log
screen,raw-001,1,2,local,xindex,a,hotset-use-local,1,local,10.0004,4.99897,142778624,2.85616e+07,284745472,2.84735e+07,0,/home/shin/arbiter/build/arbiter-bench/hotset-broad-sweep-v2-20260822-012131/rows/002-screen-raw-001-r01-local/logs/xindex_a_hotset-use-local_r1.log
screen,raw-001,1,2,local,xindex,a,hotset-use-local,1,local,15.002,5.0016,142495886,2.84901e+07,427241358,2.8479e+07,1,/home/shin/arbiter/build/arbiter-bench/hotset-broad-sweep-v2-20260822-012131/rows/002-screen-raw-001-r01-local/logs/xindex_a_hotset-use-local_r1.log
screen,raw-001,1,3,cxl,xindex,a,hotset-use-target,1,remote,5.0031,5.0031,135043328,2.6992e+07,135043328,2.6992e+07,0,/home/shin/arbiter/build/arbiter-bench/hotset-broad-sweep-v2-20260822-012131/rows/003-screen-raw-001-r01-cxl/logs/xindex_a_hotset-use-target_r1.log
screen,raw-001,1,3,cxl,xindex,a,hotset-use-target,1,remote,10.0007,4.99758,135041792,2.70215e+07,270085120,2.70067e+07,0,/home/shin/arbiter/build/arbiter-bench/hotset-broad-sweep-v2-20260822-012131/rows/003-screen-raw-001-r01-cxl/logs/xindex_a_hotset-use-target_r1.log
screen,raw-001,1,3,cxl,xindex,a,hotset-use-target,1,remote,15.0034,5.00269,134196935,2.6825e+07,404282055,2.69461e+07,1,/home/shin/arbiter/build/arbiter-bench/hotset-broad-sweep-v2-20260822-012131/rows/003-screen-raw-001-r01-cxl/logs/xindex_a_hotset-use-target_r1.log
screen,raw-002,1,4,cxl,xindex,a,hotset-use-target,1,remote,5.0031,5.0031,133343744,2.66522e+07,133343744,2.66522e+07,0,/home/shin/arbiter/build/arbiter-bench/hotset-broad-sweep-v2-20260822-012131/rows/004-screen-raw-002-r01-cxl/logs/xindex_a_hotset-use-target_r1.log
screen,raw-002,1,4,cxl,xindex,a,hotset-use-target,1,remote,10.0007,4.99757,133521408,2.67173e+07,266865152,2.66847e+07,0,/home/shin/arbiter/build/arbiter-bench/hotset-broad-sweep-v2-20260822-012131/rows/004-screen-raw-002-r01-cxl/logs/xindex_a_hotset-use-target_r1.log
screen,raw-002,1,4,cxl,xindex,a,hotset-use-target,1,remote,15.0055,5.00485,134554851,2.68849e+07,401420003,2.67515e+07,1,/home/shin/arbiter/build/arbiter-bench/hotset-broad-sweep-v2-20260822-012131/rows/004-screen-raw-002-r01-cxl/logs/xindex_a_hotset-use-target_r1.log
screen,raw-002,1,5,local,xindex,a,hotset-use-local,1,local,5.00047,5.00047,144011008,2.87995e+07,144011008,2.87995e+07,0,/home/shin/arbiter/build/arbiter-bench/hotset-broad-sweep-v2-20260822-012131/rows/005-screen-raw-002-r01-local/logs/xindex_a_hotset-use-local_r1.log
screen,raw-002,1,5,local,xindex,a,hotset-use-local,1,local,10.0006,5.0001,145410816,2.90816e+07,289421824,2.89405e+07,0,/home/shin/arbiter/build/arbiter-bench/hotset-broad-sweep-v2-20260822-012131/rows/005-screen-raw-002-r01-local/logs/xindex_a_hotset-use-local_r1.log
screen,raw-002,1,5,local,xindex,a,hotset-use-local,1,local,15.0039,5.00329,145280199,2.90369e+07,434702023,2.89727e+07,1,/home/shin/arbiter/build/arbiter-bench/hotset-broad-sweep-v2-20260822-012131/rows/005-screen-raw-002-r01-local/logs/xindex_a_hotset-use-local_r1.log
screen,raw-003,1,6,local,xindex,a,hotset-use-local,1,local,5.0023,5.0023,137304576,2.74483e+07,137304576,2.74483e+07,0,/home/shin/arbiter/build/arbiter-bench/hotset-broad-sweep-v2-20260822-012131/rows/006-screen-raw-003-r01-local/logs/xindex_a_hotset-use-local_r1.log
screen,raw-003,1,6,local,xindex,a,hotset-use-local,1,local,10.0007,4.99837,137751296,2.75592e+07,275055872,2.75037e+07,0,/home/shin/arbiter/build/arbiter-bench/hotset-broad-sweep-v2-20260822-012131/rows/006-screen-raw-003-r01-local/logs/xindex_a_hotset-use-local_r1.log
screen,raw-003,1,6,local,xindex,a,hotset-use-local,1,local,15.0015,5.00084,136180679,2.72315e+07,411236551,2.7413e+07,1,/home/shin/arbiter/build/arbiter-bench/hotset-broad-sweep-v2-20260822-012131/rows/006-screen-raw-003-r01-local/logs/xindex_a_hotset-use-local_r1.log
screen,raw-003,1,7,cxl,xindex,a,hotset-use-target,1,remote,5.00047,5.00047,216365312,4.3269e+07,216365312,4.3269e+07,0,/home/shin/arbiter/build/arbiter-bench/hotset-broad-sweep-v2-20260822-012131/rows/007-screen-raw-003-r01-cxl/logs/xindex_a_hotset-use-target_r1.log
screen,raw-003,1,7,cxl,xindex,a,hotset-use-target,1,remote,10.0021,5.00162,220208469,4.40274e+07,436573781,4.36483e+07,0,/home/shin/arbiter/build/arbiter-bench/hotset-broad-sweep-v2-20260822-012131/rows/007-screen-raw-003-r01-cxl/logs/xindex_a_hotset-use-target_r1.log
screen,raw-003,1,7,cxl,xindex,a,hotset-use-target,1,remote,15.0031,5.00098,216166571,4.32248e+07,652740352,4.35071e+07,1,/home/shin/arbiter/build/arbiter-bench/hotset-broad-sweep-v2-20260822-012131/rows/007-screen-raw-003-r01-cxl/logs/xindex_a_hotset-use-target_r1.log
screen,raw-004,1,8,cxl,xindex,a,hotset-use-target,1,remote,5.00147,5.00147,216872704,4.33618e+07,216872704,4.33618e+07,0,/home/shin/arbiter/build/arbiter-bench/hotset-broad-sweep-v2-20260822-012131/rows/008-screen-raw-004-r01-cxl/logs/xindex_a_hotset-use-target_r1.log
screen,raw-004,1,8,cxl,xindex,a,hotset-use-target,1,remote,10.0034,5.00189,217479854,4.34795e+07,434352558,4.34206e+07,0,/home/shin/arbiter/build/arbiter-bench/hotset-broad-sweep-v2-20260822-012131/rows/008-screen-raw-004-r01-cxl/logs/xindex_a_hotset-use-target_r1.log
screen,raw-004,1,8,cxl,xindex,a,hotset-use-target,1,remote,15.0061,5.00276,215700480,4.31163e+07,650053038,4.33192e+07,1,/home/shin/arbiter/build/arbiter-bench/hotset-broad-sweep-v2-20260822-012131/rows/008-screen-raw-004-r01-cxl/logs/xindex_a_hotset-use-target_r1.log
screen,raw-004,1,9,local,xindex,a,hotset-use-local,1,local,5.00358,5.00358,143891456,2.87577e+07,143891456,2.87577e+07,0,/home/shin/arbiter/build/arbiter-bench/hotset-broad-sweep-v2-20260822-012131/rows/009-screen-raw-004-r01-local/logs/xindex_a_hotset-use-local_r1.log
screen,raw-004,1,9,local,xindex,a,hotset-use-local,1,local,10.0004,4.99677,144232192,2.88651e+07,288123648,2.88113e+07,0,/home/shin/arbiter/build/arbiter-bench/hotset-broad-sweep-v2-20260822-012131/rows/009-screen-raw-004-r01-local/logs/xindex_a_hotset-use-local_r1.log
screen,raw-004,1,9,local,xindex,a,hotset-use-local,1,local,15.0041,5.00376,142761415,2.85308e+07,430885063,2.87178e+07,1,/home/shin/arbiter/build/arbiter-bench/hotset-broad-sweep-v2-20260822-012131/rows/009-screen-raw-004-r01-local/logs/xindex_a_hotset-use-local_r1.log
screen,raw-009,1,10,local,xindex,a,hotset-use-local,1,local,5.00129,5.00129,140903936,2.81735e+07,140903936,2.81735e+07,0,/home/shin/arbiter/build/arbiter-bench/hotset-broad-sweep-v2-20260822-012131/rows/010-screen-raw-009-r01-local/logs/xindex_a_hotset-use-local_r1.log
screen,raw-009,1,10,local,xindex,a,hotset-use-local,1,local,10.0006,4.99929,140625408,2.81291e+07,281529344,2.81513e+07,0,/home/shin/arbiter/build/arbiter-bench/hotset-broad-sweep-v2-20260822-012131/rows/010-screen-raw-009-r01-local/logs/xindex_a_hotset-use-local_r1.log
screen,raw-009,1,10,local,xindex,a,hotset-use-local,1,local,15.0033,5.00275,139801742,2.7945e+07,421331086,2.80825e+07,1,/home/shin/arbiter/build/arbiter-bench/hotset-broad-sweep-v2-20260822-012131/rows/010-screen-raw-009-r01-local/logs/xindex_a_hotset-use-local_r1.log
screen,raw-009,1,11,cxl,xindex,a,hotset-use-target,1,remote,5.00239,5.00239,204449024,4.08702e+07,204449024,4.08702e+07,0,/home/shin/arbiter/build/arbiter-bench/hotset-broad-sweep-v2-20260822-012131/rows/011-screen-raw-009-r01-cxl/logs/xindex_a_hotset-use-target_r1.log
screen,raw-009,1,11,cxl,xindex,a,hotset-use-target,1,remote,10.0022,4.9998,204479431,4.08976e+07,408928455,4.08839e+07,0,/home/shin/arbiter/build/arbiter-bench/hotset-broad-sweep-v2-20260822-012131/rows/011-screen-raw-009-r01-cxl/logs/xindex_a_hotset-use-target_r1.log
screen,raw-009,1,11,cxl,xindex,a,hotset-use-target,1,remote,15.004,5.00182,203372544,4.06597e+07,612300999,4.08092e+07,1,/home/shin/arbiter/build/arbiter-bench/hotset-broad-sweep-v2-20260822-012131/rows/011-screen-raw-009-r01-cxl/logs/xindex_a_hotset-use-target_r1.log
screen,raw-013,1,12,cxl,xindex,a,hotset-use-target,1,remote,5.00026,5.00026,286233600,5.72437e+07,286233600,5.72437e+07,0,/home/shin/arbiter/build/arbiter-bench/hotset-broad-sweep-v2-20260822-012131/rows/012-screen-raw-013-r01-cxl/logs/xindex_a_hotset-use-target_r1.log
screen,raw-013,1,12,cxl,xindex,a,hotset-use-target,1,remote,10.0003,5,287739847,5.7548e+07,573973447,5.73958e+07,0,/home/shin/arbiter/build/arbiter-bench/hotset-broad-sweep-v2-20260822-012131/rows/012-screen-raw-013-r01-cxl/logs/xindex_a_hotset-use-target_r1.log
screen,raw-013,1,12,cxl,xindex,a,hotset-use-target,1,remote,15.0041,5.00384,288640768,5.76839e+07,862614215,5.74919e+07,1,/home/shin/arbiter/build/arbiter-bench/hotset-broad-sweep-v2-20260822-012131/rows/012-screen-raw-013-r01-cxl/logs/xindex_a_hotset-use-target_r1.log
screen,raw-013,1,13,local,xindex,a,hotset-use-local,1,local,5.00027,5.00027,142666496,2.85318e+07,142666496,2.85318e+07,0,/home/shin/arbiter/build/arbiter-bench/hotset-broad-sweep-v2-20260822-012131/rows/013-screen-raw-013-r01-local/logs/xindex_a_hotset-use-local_r1.log
screen,raw-013,1,13,local,xindex,a,hotset-use-local,1,local,10.0005,5.0002,142534656,2.85058e+07,285201152,2.85188e+07,0,/home/shin/arbiter/build/arbiter-bench/hotset-broad-sweep-v2-20260822-012131/rows/013-screen-raw-013-r01-local/logs/xindex_a_hotset-use-local_r1.log
screen,raw-013,1,13,local,xindex,a,hotset-use-local,1,local,15.0041,5.00359,142013895,2.83824e+07,427215047,2.84733e+07,1,/home/shin/arbiter/build/arbiter-bench/hotset-broad-sweep-v2-20260822-012131/rows/013-screen-raw-013-r01-local/logs/xindex_a_hotset-use-local_r1.log
screen,raw-014,1,14,local,xindex,a,hotset-use-local,1,local,5.0035,5.0035,134841856,2.69495e+07,134841856,2.69495e+07,0,/home/shin/arbiter/build/arbiter-bench/hotset-broad-sweep-v2-20260822-012131/rows/014-screen-raw-014-r01-local/logs/xindex_a_hotset-use-local_r1.log
screen,raw-014,1,14,local,xindex,a,hotset-use-local,1,local,10.0004,4.99687,134912768,2.69995e+07,269754624,2.69745e+07,0,/home/shin/arbiter/build/arbiter-bench/hotset-broad-sweep-v2-20260822-012131/rows/014-screen-raw-014-r01-local/logs/xindex_a_hotset-use-local_r1.log
screen,raw-014,1,14,local,xindex,a,hotset-use-local,1,local,15.0031,5.00271,134486076,2.68827e+07,404240700,2.69439e+07,1,/home/shin/arbiter/build/arbiter-bench/hotset-broad-sweep-v2-20260822-012131/rows/014-screen-raw-014-r01-local/logs/xindex_a_hotset-use-local_r1.log
screen,raw-014,1,15,cxl,xindex,a,hotset-use-target,1,remote,5.00047,5.00047,240518144,4.80991e+07,240518144,4.80991e+07,0,/home/shin/arbiter/build/arbiter-bench/hotset-broad-sweep-v2-20260822-012131/rows/015-screen-raw-014-r01-cxl/logs/xindex_a_hotset-use-target_r1.log
screen,raw-014,1,15,cxl,xindex,a,hotset-use-target,1,remote,10.0003,4.99979,238876103,4.77772e+07,479394247,4.79382e+07,0,/home/shin/arbiter/build/arbiter-bench/hotset-broad-sweep-v2-20260822-012131/rows/015-screen-raw-014-r01-cxl/logs/xindex_a_hotset-use-target_r1.log
screen,raw-014,1,15,cxl,xindex,a,hotset-use-target,1,remote,15.0037,5.0034,240877625,4.81428e+07,720271872,4.80064e+07,1,/home/shin/arbiter/build/arbiter-bench/hotset-broad-sweep-v2-20260822-012131/rows/015-screen-raw-014-r01-cxl/logs/xindex_a_hotset-use-target_r1.log
screen,raw-021,1,16,cxl,xindex,a,hotset-use-target,1,remote,5.00027,5.00027,286836992,5.73644e+07,286836992,5.73644e+07,0,/home/shin/arbiter/build/arbiter-bench/hotset-broad-sweep-v2-20260822-012131/rows/016-screen-raw-021-r01-cxl/logs/xindex_a_hotset-use-target_r1.log
screen,raw-021,1,16,cxl,xindex,a,hotset-use-target,1,remote,10.0003,5,284958208,5.69917e+07,571795200,5.7178e+07,0,/home/shin/arbiter/build/arbiter-bench/hotset-broad-sweep-v2-20260822-012131/rows/016-screen-raw-021-r01-cxl/logs/xindex_a_hotset-use-target_r1.log
screen,raw-021,1,16,cxl,xindex,a,hotset-use-target,1,remote,15.0043,5.00404,287419989,5.74376e+07,859215189,5.72646e+07,1,/home/shin/arbiter/build/arbiter-bench/hotset-broad-sweep-v2-20260822-012131/rows/016-screen-raw-021-r01-cxl/logs/xindex_a_hotset-use-target_r1.log
screen,raw-021,1,17,local,xindex,a,hotset-use-local,1,local,5.0031,5.0031,141091328,2.82008e+07,141091328,2.82008e+07,0,/home/shin/arbiter/build/arbiter-bench/hotset-broad-sweep-v2-20260822-012131/rows/017-screen-raw-021-r01-local/logs/xindex_a_hotset-use-local_r1.log
screen,raw-021,1,17,local,xindex,a,hotset-use-local,1,local,10.0006,4.99747,140974592,2.82092e+07,282065920,2.8205e+07,0,/home/shin/arbiter/build/arbiter-bench/hotset-broad-sweep-v2-20260822-012131/rows/017-screen-raw-021-r01-local/logs/xindex_a_hotset-use-local_r1.log
screen,raw-021,1,17,local,xindex,a,hotset-use-local,1,local,15.0064,5.00583,140151214,2.79976e+07,422217134,2.81358e+07,1,/home/shin/arbiter/build/arbiter-bench/hotset-broad-sweep-v2-20260822-012131/rows/017-screen-raw-021-r01-local/logs/xindex_a_hotset-use-local_r1.log
screen,raw-030,1,18,local,xindex,a,hotset-use-local,1,local,5.0032,5.0032,136560896,2.72947e+07,136560896,2.72947e+07,0,/home/shin/arbiter/build/arbiter-bench/hotset-broad-sweep-v2-20260822-012131/rows/018-screen-raw-030-r01-local/logs/xindex_a_hotset-use-local_r1.log
screen,raw-030,1,18,local,xindex,a,hotset-use-local,1,local,10.0005,4.99727,136400128,2.7295e+07,272961024,2.72948e+07,0,/home/shin/arbiter/build/arbiter-bench/hotset-broad-sweep-v2-20260822-012131/rows/018-screen-raw-030-r01-local/logs/xindex_a_hotset-use-local_r1.log
screen,raw-030,1,18,local,xindex,a,hotset-use-local,1,local,15.0059,5.0054,135899221,2.71505e+07,408860245,2.72467e+07,1,/home/shin/arbiter/build/arbiter-bench/hotset-broad-sweep-v2-20260822-012131/rows/018-screen-raw-030-r01-local/logs/xindex_a_hotset-use-local_r1.log
screen,raw-030,1,19,cxl,xindex,a,hotset-use-target,1,remote,5.00047,5.00047,211189504,4.22339e+07,211189504,4.22339e+07,0,/home/shin/arbiter/build/arbiter-bench/hotset-broad-sweep-v2-20260822-012131/rows/019-screen-raw-030-r01-cxl/logs/xindex_a_hotset-use-target_r1.log
screen,raw-030,1,19,cxl,xindex,a,hotset-use-target,1,remote,10.0011,5.00061,214619452,4.29186e+07,425808956,4.25763e+07,0,/home/shin/arbiter/build/arbiter-bench/hotset-broad-sweep-v2-20260822-012131/rows/019-screen-raw-030-r01-cxl/logs/xindex_a_hotset-use-target_r1.log
screen,raw-030,1,19,cxl,xindex,a,hotset-use-target,1,remote,15.0038,5.00269,212370628,4.24513e+07,638179584,4.25346e+07,1,/home/shin/arbiter/build/arbiter-bench/hotset-broad-sweep-v2-20260822-012131/rows/019-screen-raw-030-r01-cxl/logs/xindex_a_hotset-use-target_r1.log
screen,raw-035,1,20,cxl,xindex,a,hotset-use-target,1,remote,5.0032,5.0032,140483328,2.80787e+07,140483328,2.80787e+07,0,/home/shin/arbiter/build/arbiter-bench/hotset-broad-sweep-v2-20260822-012131/rows/020-screen-raw-035-r01-cxl/logs/xindex_a_hotset-use-target_r1.log
screen,raw-035,1,20,cxl,xindex,a,hotset-use-target,1,remote,10.0005,4.99727,141144064,2.82442e+07,281627392,2.81614e+07,0,/home/shin/arbiter/build/arbiter-bench/hotset-broad-sweep-v2-20260822-012131/rows/020-screen-raw-035-r01-cxl/logs/xindex_a_hotset-use-target_r1.log
screen,raw-035,1,20,cxl,xindex,a,hotset-use-target,1,remote,15.0046,5.00408,141110215,2.8199e+07,422737607,2.8174e+07,1,/home/shin/arbiter/build/arbiter-bench/hotset-broad-sweep-v2-20260822-012131/rows/020-screen-raw-035-r01-cxl/logs/xindex_a_hotset-use-target_r1.log
screen,raw-035,1,21,local,xindex,a,hotset-use-local,1,local,5.00057,5.00057,129691904,2.59354e+07,129691904,2.59354e+07,0,/home/shin/arbiter/build/arbiter-bench/hotset-broad-sweep-v2-20260822-012131/rows/021-screen-raw-035-r01-local/logs/xindex_a_hotset-use-local_r1.log
screen,raw-035,1,21,local,xindex,a,hotset-use-local,1,local,10.0006,5,130412288,2.60825e+07,260104192,2.60089e+07,0,/home/shin/arbiter/build/arbiter-bench/hotset-broad-sweep-v2-20260822-012131/rows/021-screen-raw-035-r01-local/logs/xindex_a_hotset-use-local_r1.log
screen,raw-035,1,21,local,xindex,a,hotset-use-local,1,local,15.0037,5.00315,130442752,2.60721e+07,390546944,2.603e+07,1,/home/shin/arbiter/build/arbiter-bench/hotset-broad-sweep-v2-20260822-012131/rows/021-screen-raw-035-r01-local/logs/xindex_a_hotset-use-local_r1.log
screen,raw-036,1,22,local,xindex,a,hotset-use-local,1,local,5.0033,5.0033,142649856,2.85111e+07,142649856,2.85111e+07,0,/home/shin/arbiter/build/arbiter-bench/hotset-broad-sweep-v2-20260822-012131/rows/022-screen-raw-036-r01-local/logs/xindex_a_hotset-use-local_r1.log
screen,raw-036,1,22,local,xindex,a,hotset-use-local,1,local,10.0006,4.99727,142595072,2.85346e+07,285244928,2.85229e+07,0,/home/shin/arbiter/build/arbiter-bench/hotset-broad-sweep-v2-20260822-012131/rows/022-screen-raw-036-r01-local/logs/xindex_a_hotset-use-local_r1.log
screen,raw-036,1,22,local,xindex,a,hotset-use-local,1,local,15.0053,5.0047,142117319,2.83968e+07,427362247,2.84808e+07,1,/home/shin/arbiter/build/arbiter-bench/hotset-broad-sweep-v2-20260822-012131/rows/022-screen-raw-036-r01-local/logs/xindex_a_hotset-use-local_r1.log
screen,raw-036,1,23,cxl,xindex,a,hotset-use-target,1,remote,5.00119,5.00119,198435328,3.96776e+07,198435328,3.96776e+07,0,/home/shin/arbiter/build/arbiter-bench/hotset-broad-sweep-v2-20260822-012131/rows/023-screen-raw-036-r01-cxl/logs/xindex_a_hotset-use-target_r1.log
screen,raw-036,1,23,cxl,xindex,a,hotset-use-target,1,remote,10.0021,5.0009,200809301,4.01546e+07,399244629,3.99161e+07,0,/home/shin/arbiter/build/arbiter-bench/hotset-broad-sweep-v2-20260822-012131/rows/023-screen-raw-036-r01-cxl/logs/xindex_a_hotset-use-target_r1.log
screen,raw-036,1,23,cxl,xindex,a,hotset-use-target,1,remote,15.0039,5.00183,200015986,3.99886e+07,599260615,3.99403e+07,1,/home/shin/arbiter/build/arbiter-bench/hotset-broad-sweep-v2-20260822-012131/rows/023-screen-raw-036-r01-cxl/logs/xindex_a_hotset-use-target_r1.log
screen,raw-039,1,24,cxl,xindex,a,hotset-use-target,1,remote,5.00027,5.00027,280518144,5.61006e+07,280518144,5.61006e+07,0,/home/shin/arbiter/build/arbiter-bench/hotset-broad-sweep-v2-20260822-012131/rows/024-screen-raw-039-r01-cxl/logs/xindex_a_hotset-use-target_r1.log
screen,raw-039,1,24,cxl,xindex,a,hotset-use-target,1,remote,10.0003,5,282381511,5.64764e+07,562899655,5.62885e+07,0,/home/shin/arbiter/build/arbiter-bench/hotset-broad-sweep-v2-20260822-012131/rows/024-screen-raw-039-r01-cxl/logs/xindex_a_hotset-use-target_r1.log
screen,raw-039,1,24,cxl,xindex,a,hotset-use-target,1,remote,15.0039,5.0036,280983381,5.61562e+07,843883036,5.62444e+07,1,/home/shin/arbiter/build/arbiter-bench/hotset-broad-sweep-v2-20260822-012131/rows/024-screen-raw-039-r01-cxl/logs/xindex_a_hotset-use-target_r1.log
screen,raw-039,1,25,local,xindex,a,hotset-use-local,1,local,5.00128,5.00128,143092992,2.86112e+07,143092992,2.86112e+07,0,/home/shin/arbiter/build/arbiter-bench/hotset-broad-sweep-v2-20260822-012131/rows/025-screen-raw-039-r01-local/logs/xindex_a_hotset-use-local_r1.log
screen,raw-039,1,25,local,xindex,a,hotset-use-local,1,local,10.0004,4.99908,142611200,2.85275e+07,285704192,2.85694e+07,0,/home/shin/arbiter/build/arbiter-bench/hotset-broad-sweep-v2-20260822-012131/rows/025-screen-raw-039-r01-local/logs/xindex_a_hotset-use-local_r1.log
screen,raw-039,1,25,local,xindex,a,hotset-use-local,1,local,15.0045,5.00417,142194094,2.84151e+07,427898286,2.85179e+07,1,/home/shin/arbiter/build/arbiter-bench/hotset-broad-sweep-v2-20260822-012131/rows/025-screen-raw-039-r01-local/logs/xindex_a_hotset-use-local_r1.log
screen,raw-043,1,26,local,xindex,a,hotset-use-local,1,local,5.00119,5.00119,145185792,2.90303e+07,145185792,2.90303e+07,0,/home/shin/arbiter/build/arbiter-bench/hotset-broad-sweep-v2-20260822-012131/rows/026-screen-raw-043-r01-local/logs/xindex_a_hotset-use-local_r1.log
screen,raw-043,1,26,local,xindex,a,hotset-use-local,1,local,10.0006,4.99938,145345536,2.90727e+07,290531328,2.90515e+07,0,/home/shin/arbiter/build/arbiter-bench/hotset-broad-sweep-v2-20260822-012131/rows/026-screen-raw-043-r01-local/logs/xindex_a_hotset-use-local_r1.log
screen,raw-043,1,26,local,xindex,a,hotset-use-local,1,local,15.0031,5.00251,145009070,2.89873e+07,435540398,2.90301e+07,1,/home/shin/arbiter/build/arbiter-bench/hotset-broad-sweep-v2-20260822-012131/rows/026-screen-raw-043-r01-local/logs/xindex_a_hotset-use-local_r1.log
screen,raw-043,1,27,cxl,xindex,a,hotset-use-target,1,remote,5.00026,5.00026,286621952,5.73214e+07,286621952,5.73214e+07,0,/home/shin/arbiter/build/arbiter-bench/hotset-broad-sweep-v2-20260822-012131/rows/027-screen-raw-043-r01-cxl/logs/xindex_a_hotset-use-target_r1.log
screen,raw-043,1,27,cxl,xindex,a,hotset-use-target,1,remote,10.0003,5,291954176,5.83909e+07,578576128,5.78561e+07,0,/home/shin/arbiter/build/arbiter-bench/hotset-broad-sweep-v2-20260822-012131/rows/027-screen-raw-043-r01-cxl/logs/xindex_a_hotset-use-target_r1.log
screen,raw-043,1,27,cxl,xindex,a,hotset-use-target,1,remote,15.0051,5.00484,288855182,5.77151e+07,867431310,5.78091e+07,1,/home/shin/arbiter/build/arbiter-bench/hotset-broad-sweep-v2-20260822-012131/rows/027-screen-raw-043-r01-cxl/logs/xindex_a_hotset-use-target_r1.log
screen,raw-046,1,28,cxl,xindex,a,hotset-use-target,1,remote,5.0032,5.0032,275597312,5.50842e+07,275597312,5.50842e+07,0,/home/shin/arbiter/build/arbiter-bench/hotset-broad-sweep-v2-20260822-012131/rows/028-screen-raw-046-r01-cxl/logs/xindex_a_hotset-use-target_r1.log
screen,raw-046,1,28,cxl,xindex,a,hotset-use-target,1,remote,10.0003,4.99706,276384711,5.53094e+07,551982023,5.51968e+07,0,/home/shin/arbiter/build/arbiter-bench/hotset-broad-sweep-v2-20260822-012131/rows/028-screen-raw-046-r01-cxl/logs/xindex_a_hotset-use-target_r1.log
screen,raw-046,1,28,cxl,xindex,a,hotset-use-target,1,remote,15.0042,5.00391,279619328,5.58801e+07,831601351,5.54247e+07,1,/home/shin/arbiter/build/arbiter-bench/hotset-broad-sweep-v2-20260822-012131/rows/028-screen-raw-046-r01-cxl/logs/xindex_a_hotset-use-target_r1.log
screen,raw-046,1,29,local,xindex,a,hotset-use-local,1,local,5.00118,5.00118,140197888,2.80329e+07,140197888,2.80329e+07,0,/home/shin/arbiter/build/arbiter-bench/hotset-broad-sweep-v2-20260822-012131/rows/029-screen-raw-046-r01-local/logs/xindex_a_hotset-use-local_r1.log
screen,raw-046,1,29,local,xindex,a,hotset-use-local,1,local,10.0006,4.99939,140686080,2.81407e+07,280883968,2.80868e+07,0,/home/shin/arbiter/build/arbiter-bench/hotset-broad-sweep-v2-20260822-012131/rows/029-screen-raw-046-r01-local/logs/xindex_a_hotset-use-local_r1.log
screen,raw-046,1,29,local,xindex,a,hotset-use-local,1,local,15.0025,5.0019,140105159,2.80104e+07,420989127,2.80613e+07,1,/home/shin/arbiter/build/arbiter-bench/hotset-broad-sweep-v2-20260822-012131/rows/029-screen-raw-046-r01-local/logs/xindex_a_hotset-use-local_r1.log
screen,raw-047,1,30,local,xindex,a,hotset-use-local,1,local,5.00536,5.00536,143703296,2.87099e+07,143703296,2.87099e+07,0,/home/shin/arbiter/build/arbiter-bench/hotset-broad-sweep-v2-20260822-012131/rows/030-screen-raw-047-r01-local/logs/xindex_a_hotset-use-local_r1.log
screen,raw-047,1,30,local,xindex,a,hotset-use-local,1,local,10.0005,4.99511,142214912,2.84708e+07,285918208,2.85905e+07,0,/home/shin/arbiter/build/arbiter-bench/hotset-broad-sweep-v2-20260822-012131/rows/030-screen-raw-047-r01-local/logs/xindex_a_hotset-use-local_r1.log
screen,raw-047,1,30,local,xindex,a,hotset-use-local,1,local,15.0045,5.00407,143233166,2.86233e+07,429151374,2.86014e+07,1,/home/shin/arbiter/build/arbiter-bench/hotset-broad-sweep-v2-20260822-012131/rows/030-screen-raw-047-r01-local/logs/xindex_a_hotset-use-local_r1.log
screen,raw-047,1,31,cxl,xindex,a,hotset-use-target,1,remote,5.0023,5.0023,207375616,4.1456e+07,207375616,4.1456e+07,0,/home/shin/arbiter/build/arbiter-bench/hotset-broad-sweep-v2-20260822-012131/rows/031-screen-raw-047-r01-cxl/logs/xindex_a_hotset-use-target_r1.log
screen,raw-047,1,31,cxl,xindex,a,hotset-use-target,1,remote,10.0022,4.99989,206807495,4.13624e+07,414183111,4.14092e+07,0,/home/shin/arbiter/build/arbiter-bench/hotset-broad-sweep-v2-20260822-012131/rows/031-screen-raw-047-r01-cxl/logs/xindex_a_hotset-use-target_r1.log
screen,raw-047,1,31,cxl,xindex,a,hotset-use-target,1,remote,15.0039,5.00174,207378176,4.14612e+07,621561287,4.14265e+07,1,/home/shin/arbiter/build/arbiter-bench/hotset-broad-sweep-v2-20260822-012131/rows/031-screen-raw-047-r01-cxl/logs/xindex_a_hotset-use-target_r1.log
screen,raw-063,1,32,cxl,xindex,a,hotset-use-target,1,remote,5.00139,5.00139,136317184,2.72558e+07,136317184,2.72558e+07,0,/home/shin/arbiter/build/arbiter-bench/hotset-broad-sweep-v2-20260822-012131/rows/032-screen-raw-063-r01-cxl/logs/xindex_a_hotset-use-target_r1.log
screen,raw-063,1,32,cxl,xindex,a,hotset-use-target,1,remote,10.0006,4.99918,136847104,2.73739e+07,273164288,2.73149e+07,0,/home/shin/arbiter/build/arbiter-bench/hotset-broad-sweep-v2-20260822-012131/rows/032-screen-raw-063-r01-cxl/logs/xindex_a_hotset-use-target_r1.log
screen,raw-063,1,32,cxl,xindex,a,hotset-use-target,1,remote,15.0068,5.00622,136714638,2.73089e+07,409878926,2.73129e+07,1,/home/shin/arbiter/build/arbiter-bench/hotset-broad-sweep-v2-20260822-012131/rows/032-screen-raw-063-r01-cxl/logs/xindex_a_hotset-use-target_r1.log
screen,raw-063,1,33,local,xindex,a,hotset-use-local,1,local,5.00119,5.00119,140568576,2.8107e+07,140568576,2.8107e+07,0,/home/shin/arbiter/build/arbiter-bench/hotset-broad-sweep-v2-20260822-012131/rows/033-screen-raw-063-r01-local/logs/xindex_a_hotset-use-local_r1.log
screen,raw-063,1,33,local,xindex,a,hotset-use-local,1,local,10.0004,4.99917,141240832,2.82528e+07,281809408,2.81799e+07,0,/home/shin/arbiter/build/arbiter-bench/hotset-broad-sweep-v2-20260822-012131/rows/033-screen-raw-063-r01-local/logs/xindex_a_hotset-use-local_r1.log
screen,raw-063,1,33,local,xindex,a,hotset-use-local,1,local,15.0016,5.0012,140374983,2.80683e+07,422184391,2.81427e+07,1,/home/shin/arbiter/build/arbiter-bench/hotset-broad-sweep-v2-20260822-012131/rows/033-screen-raw-063-r01-local/logs/xindex_a_hotset-use-local_r1.log
screen,raw-081,1,34,local,xindex,a,hotset-use-local,1,local,5.00058,5.00058,138110976,2.7619e+07,138110976,2.7619e+07,0,/home/shin/arbiter/build/arbiter-bench/hotset-broad-sweep-v2-20260822-012131/rows/034-screen-raw-081-r01-local/logs/xindex_a_hotset-use-local_r1.log
screen,raw-081,1,34,local,xindex,a,hotset-use-local,1,local,10.0012,5.00061,140309504,2.80585e+07,278420480,2.78388e+07,0,/home/shin/arbiter/build/arbiter-bench/hotset-broad-sweep-v2-20260822-012131/rows/034-screen-raw-081-r01-local/logs/xindex_a_hotset-use-local_r1.log
screen,raw-081,1,34,local,xindex,a,hotset-use-local,1,local,15.0021,5.00089,140163470,2.80277e+07,418583950,2.79017e+07,1,/home/shin/arbiter/build/arbiter-bench/hotset-broad-sweep-v2-20260822-012131/rows/034-screen-raw-081-r01-local/logs/xindex_a_hotset-use-local_r1.log
screen,raw-081,1,35,cxl,xindex,a,hotset-use-target,1,remote,5.00037,5.00037,214556672,4.29082e+07,214556672,4.29082e+07,0,/home/shin/arbiter/build/arbiter-bench/hotset-broad-sweep-v2-20260822-012131/rows/035-screen-raw-081-r01-cxl/logs/xindex_a_hotset-use-target_r1.log
screen,raw-081,1,35,cxl,xindex,a,hotset-use-target,1,remote,10.0003,4.9999,212645319,4.253e+07,427201991,4.27191e+07,0,/home/shin/arbiter/build/arbiter-bench/hotset-broad-sweep-v2-20260822-012131/rows/035-screen-raw-081-r01-cxl/logs/xindex_a_hotset-use-target_r1.log
screen,raw-081,1,35,cxl,xindex,a,hotset-use-target,1,remote,15.0034,5.00316,213452601,4.26635e+07,640654592,4.27005e+07,1,/home/shin/arbiter/build/arbiter-bench/hotset-broad-sweep-v2-20260822-012131/rows/035-screen-raw-081-r01-cxl/logs/xindex_a_hotset-use-target_r1.log
screen,raw-082,1,36,cxl,xindex,a,hotset-use-target,1,remote,5.00026,5.00026,229222400,4.58421e+07,229222400,4.58421e+07,0,/home/shin/arbiter/build/arbiter-bench/hotset-broad-sweep-v2-20260822-012131/rows/036-screen-raw-082-r01-cxl/logs/xindex_a_hotset-use-target_r1.log
screen,raw-082,1,36,cxl,xindex,a,hotset-use-target,1,remote,10.0003,5,227603374,4.55207e+07,456825774,4.56814e+07,0,/home/shin/arbiter/build/arbiter-bench/hotset-broad-sweep-v2-20260822-012131/rows/036-screen-raw-082-r01-cxl/logs/xindex_a_hotset-use-target_r1.log
screen,raw-082,1,36,cxl,xindex,a,hotset-use-target,1,remote,15.0053,5.00507,231074386,4.6168e+07,687900160,4.58437e+07,1,/home/shin/arbiter/build/arbiter-bench/hotset-broad-sweep-v2-20260822-012131/rows/036-screen-raw-082-r01-cxl/logs/xindex_a_hotset-use-target_r1.log
screen,raw-082,1,37,local,xindex,a,hotset-use-local,1,local,5.0023,5.0023,144816896,2.89501e+07,144816896,2.89501e+07,0,/home/shin/arbiter/build/arbiter-bench/hotset-broad-sweep-v2-20260822-012131/rows/037-screen-raw-082-r01-local/logs/xindex_a_hotset-use-local_r1.log
screen,raw-082,1,37,local,xindex,a,hotset-use-local,1,local,10.0005,4.99817,144704256,2.89514e+07,289521152,2.89508e+07,0,/home/shin/arbiter/build/arbiter-bench/hotset-broad-sweep-v2-20260822-012131/rows/037-screen-raw-082-r01-local/logs/xindex_a_hotset-use-local_r1.log
screen,raw-082,1,37,local,xindex,a,hotset-use-local,1,local,15.0038,5.00331,144494023,2.88797e+07,434015175,2.89271e+07,1,/home/shin/arbiter/build/arbiter-bench/hotset-broad-sweep-v2-20260822-012131/rows/037-screen-raw-082-r01-local/logs/xindex_a_hotset-use-local_r1.log
native-middle,native,2,38,native,xindex,a,native,1,native,10.0006,10.0006,273268224,2.73253e+07,273268224,2.73253e+07,0,/home/shin/arbiter/build/arbiter-bench/hotset-broad-sweep-v2-20260822-012131/rows/038-native-middle-native-r02-native/logs/xindex_a_native_r1.log
native-middle,native,2,38,native,xindex,a,native,1,native,20.0006,10,273332679,2.73333e+07,546600903,2.73293e+07,0,/home/shin/arbiter/build/arbiter-bench/hotset-broad-sweep-v2-20260822-012131/rows/038-native-middle-native-r02-native/logs/xindex_a_native_r1.log
native-middle,native,2,38,native,xindex,a,native,1,native,30.0004,9.99979,273518336,2.73524e+07,820119239,2.7337e+07,0,/home/shin/arbiter/build/arbiter-bench/hotset-broad-sweep-v2-20260822-012131/rows/038-native-middle-native-r02-native/logs/xindex_a_native_r1.log
native-middle,native,2,38,native,xindex,a,native,1,native,40.0005,10.0001,272105472,2.72103e+07,1092224711,2.73053e+07,0,/home/shin/arbiter/build/arbiter-bench/hotset-broad-sweep-v2-20260822-012131/rows/038-native-middle-native-r02-native/logs/xindex_a_native_r1.log
native-middle,native,2,38,native,xindex,a,native,1,native,50.0007,10.0002,272360448,2.72355e+07,1364585159,2.72913e+07,0,/home/shin/arbiter/build/arbiter-bench/hotset-broad-sweep-v2-20260822-012131/rows/038-native-middle-native-r02-native/logs/xindex_a_native_r1.log
native-middle,native,2,38,native,xindex,a,native,1,native,60.0047,10.004,272457159,2.72348e+07,1637042318,2.72819e+07,1,/home/shin/arbiter/build/arbiter-bench/hotset-broad-sweep-v2-20260822-012131/rows/038-native-middle-native-r02-native/logs/xindex_a_native_r1.log
