candidate,safe,reason,pairs,local_rows,cxl_rows,mean_local_ops,mean_cxl_ops,mean_paired_delta_pct,stddev_paired_delta_pct,cxl_wins,runtime_fingerprint,mean_cxl_resident_bytes,mean_cxl_resident_over_rss_pct,max_rss_kb
raw-046,1,ok,3,3,3,2.71938e+07,5.68664e+07,109.371,10.3946,3,68+71+74,18586292224,57.3249,31663072
raw-021,1,ok,3,3,3,2.74353e+07,5.58511e+07,104.049,13.5145,3,68+69+71+74,20275597312,59.8146,33103068
raw-013,1,ok,3,3,3,2.77632e+07,57358100,106.652,4.38708,3,68+69+71,20275511296,59.8146,33102852
raw-043,1,ok,3,3,3,28126400,5.76448e+07,104.983,2.08645,3,21+37+68+69+71+74,20275609600,59.8147,33103096
raw-039,1,ok,3,3,3,28338800,56765500,100.338,2.46473,3,68+71+74,18586292224,57.3248,31663096
raw-082,1,ok,3,3,3,2.71305e+07,4.58139e+07,68.878,7.75942,3,71,15207591936,48.1171,30865176
raw-081,1,ok,3,3,3,2.73605e+07,4.51822e+07,65.2055,6.44788,3,71+74,15207677952,48.117,30865216
raw-009,1,ok,3,3,3,27875700,42790900,53.6474,10.5778,3,68+69,5067919360,14.189,34880304
raw-036,1,ok,3,3,3,2.84948e+07,42738500,50.0146,7.01426,3,68,3378614272,9.86663,33440548
raw-003,1,ok,3,3,3,2.80142e+07,4.179e+07,49.0005,10.1302,3,68,3378614272,9.86656,33440524
raw-030,1,ok,3,3,3,2.76637e+07,4.23748e+07,53.3089,9.20115,3,21+68+69,5067923456,14.1889,34880388
raw-047,1,ok,3,3,3,2.86123e+07,41491200,45.1067,6.12856,3,68+69,5067919360,14.189,34880372
