site_id,kind,function,file,line,callee,size_expr,estimated_bytes,score,role,group_id,selected,reasons
1,cxx-delete-array,~IndexConfig,/usr/include/c++/11/bits/unique_ptr.h,120,_ZdaPvSt11align_val_t,,0,0,rejected,0,no,not-supported-allocation
2,cxx-new-array,rcu_init,/usr/include/c++/11/bits/unique_ptr.h,968,_ZnamSt11align_val_t,%11,4096,3,rejected,0,no,"escapes-store;sync-atomic-or-volatile-store-same-function;dynamic-size-excluded"
3,cxx-delete,~(unnamed struct at /home/shin/arbiter/benchmark/xindex/XIndex-H/ycsb_bench.cpp:76:1),/usr/include/c++/11/ext/new_allocator.h,145,_ZdlPv,,0,0,rejected,0,no,not-supported-allocation
4,cxx-delete,~vector,/usr/include/c++/11/ext/new_allocator.h,145,_ZdlPv,,0,0,rejected,0,no,not-supported-allocation
5,cxx-delete,~vector,/usr/include/c++/11/ext/new_allocator.h,145,_ZdlPv,,0,0,rejected,0,no,not-supported-allocation
6,cxx-delete,main,/home/shin/arbiter/benchmark/xindex/XIndex-H/ycsb_bench.cpp,185,_ZdlPv,,0,0,rejected,0,no,not-supported-allocation
7,cxx-delete,parse_args,/usr/include/c++/11/ext/new_allocator.h,145,_ZdlPv,,0,0,rejected,0,no,not-supported-allocation
8,cxx-new,load_ycsb_data,/usr/include/c++/11/ext/new_allocator.h,127,_Znwm,%143,4096,2,rejected,0,no,"escapes-store;dynamic-size-excluded;no-sync-mutable"
9,cxx-delete,load_ycsb_data,/usr/include/c++/11/ext/new_allocator.h,145,_ZdlPv,,0,0,rejected,0,no,not-supported-allocation
10,cxx-new,load_ycsb_transaction,/usr/include/c++/11/ext/new_allocator.h,127,_Znwm,%202,4096,2,rejected,0,no,"escapes-store;dynamic-size-excluded;no-sync-mutable"
11,cxx-delete,load_ycsb_transaction,/usr/include/c++/11/ext/new_allocator.h,145,_ZdlPv,,0,0,rejected,0,no,not-supported-allocation
12,cxx-new,load_ycsb_transaction,/usr/include/c++/11/ext/new_allocator.h,127,_Znwm,%333,4096,2,rejected,0,no,"escapes-store;dynamic-size-excluded;no-sync-mutable"
13,cxx-delete,load_ycsb_transaction,/usr/include/c++/11/ext/new_allocator.h,145,_ZdlPv,,0,0,rejected,0,no,not-supported-allocation
14,cxx-new,load_ycsb_transaction,/usr/include/c++/11/ext/new_allocator.h,127,_Znwm,%464,4096,2,rejected,0,no,"escapes-store;dynamic-size-excluded;no-sync-mutable"
15,cxx-delete,load_ycsb_transaction,/usr/include/c++/11/ext/new_allocator.h,145,_ZdlPv,,0,0,rejected,0,no,not-supported-allocation
16,cxx-new,load_ycsb_transaction,/usr/include/c++/11/ext/new_allocator.h,127,_Znwm,%595,4096,2,rejected,0,no,"escapes-store;dynamic-size-excluded;no-sync-mutable"
17,cxx-delete,load_ycsb_transaction,/usr/include/c++/11/ext/new_allocator.h,145,_ZdlPv,,0,0,rejected,0,no,not-supported-allocation
18,cxx-new,prepare_xindex,/usr/include/c++/11/ext/new_allocator.h,127,_Znwm,%145,4096,2,rejected,0,no,"escapes-store;dynamic-size-excluded;no-sync-mutable"
19,cxx-delete,prepare_xindex,/usr/include/c++/11/ext/new_allocator.h,145,_ZdlPv,,0,0,rejected,0,no,not-supported-allocation
20,cxx-new,prepare_xindex,/usr/include/c++/11/ext/new_allocator.h,127,_Znwm,%217,4096,2,rejected,0,no,"escapes-store;dynamic-size-excluded;no-sync-mutable"
21,cxx-new,prepare_xindex,/home/shin/arbiter/benchmark/xindex/XIndex-H/ycsb_bench.cpp,361,_Znwm,32,32,4,rejected,0,no,"escapes-store;escapes-call;sync-mutation-same-file"
22,cxx-delete,prepare_xindex,/usr/include/c++/11/ext/new_allocator.h,145,_ZdlPv,,0,0,rejected,0,no,not-supported-allocation
23,cxx-new,prepare_xindex,/usr/include/c++/11/ext/new_allocator.h,127,_Znwm,%343,4096,2,rejected,0,no,"escapes-store;dynamic-size-excluded;no-sync-mutable"
24,cxx-delete,prepare_xindex,/usr/include/c++/11/ext/new_allocator.h,145,_ZdlPv,,0,0,rejected,0,no,not-supported-allocation
25,cxx-new-array,XIndex,/usr/include/c++/11/bits/unique_ptr.h,968,_ZnamSt11align_val_t,%78,4096,3,rejected,0,no,"escapes-store;sync-atomic-or-volatile-store-same-function;dynamic-size-excluded"
26,cxx-new,XIndex,/home/shin/arbiter/benchmark/xindex/XIndex-H/xindex_impl.h,49,_Znwm,40,40,3,rejected,0,no,"escapes-store;sync-atomic-or-volatile-store-same-function"
27,cxx-new,init,/usr/include/c++/11/ext/new_allocator.h,127,_Znwm,%10,4096,3,rejected,0,no,"escapes-store;sync-atomic-or-volatile-store-same-function;dynamic-size-excluded"
28,cxx-delete,init,/usr/include/c++/11/ext/new_allocator.h,145,_ZdlPv,,0,0,rejected,0,no,not-supported-allocation
29,cxx-new-array,init,/usr/include/c++/11/bits/unique_ptr.h,968,_Znam,%73,4096,3,rejected,0,no,"escapes-store;sync-atomic-or-volatile-store-same-function;dynamic-size-excluded"
30,cxx-delete-array,init,/usr/include/c++/11/bits/unique_ptr.h,120,_ZdaPv,,0,0,rejected,0,no,not-supported-allocation
31,cxx-new,init,/usr/include/c++/11/ext/new_allocator.h,127,_Znwm,%87,4096,2,rejected,0,no,"escapes-call;sync-atomic-or-volatile-store-same-function;dynamic-size-excluded"
32,cxx-new,init,/usr/include/c++/11/ext/new_allocator.h,127,_Znwm,%96,4096,2,rejected,0,no,"escapes-call;sync-atomic-or-volatile-store-same-function;dynamic-size-excluded"
33,cxx-new,init,/usr/include/c++/11/ext/new_allocator.h,127,_Znwm,%157,4096,3,rejected,0,no,"escapes-store;sync-atomic-or-volatile-store-same-function;dynamic-size-excluded"
34,cxx-delete,init,/usr/include/c++/11/ext/new_allocator.h,145,_ZdlPv,,0,0,rejected,0,no,not-supported-allocation
35,cxx-new,init,/usr/include/c++/11/ext/new_allocator.h,127,_Znwm,%246,4096,3,rejected,0,no,"escapes-store;sync-atomic-or-volatile-store-same-function;dynamic-size-excluded"
36,cxx-delete,init,/usr/include/c++/11/ext/new_allocator.h,145,_ZdlPv,,0,0,rejected,0,no,not-supported-allocation
37,cxx-new,init,/home/shin/arbiter/benchmark/xindex/XIndex-H/xindex_root_impl.h,52,_ZnwmSt11align_val_t,64,64,3,rejected,0,no,"escapes-store;sync-atomic-or-volatile-store-same-function"
38,cxx-new-array,init,/home/shin/arbiter/benchmark/xindex/XIndex-H/xindex_group_impl.h,41,_Znam,%302,4096,3,rejected,0,no,"escapes-store;sync-atomic-or-volatile-store-same-function;dynamic-size-excluded"
39,cxx-delete,init,/usr/include/c++/11/ext/new_allocator.h,145,_ZdlPv,,0,0,rejected,0,no,not-supported-allocation
40,cxx-delete,init,/usr/include/c++/11/ext/new_allocator.h,145,_ZdlPv,,0,0,rejected,0,no,not-supported-allocation
41,cxx-delete,init,/usr/include/c++/11/ext/new_allocator.h,145,_ZdlPv,,0,0,rejected,0,no,not-supported-allocation
42,cxx-delete,init,/usr/include/c++/11/ext/new_allocator.h,145,_ZdlPv,,0,0,rejected,0,no,not-supported-allocation
43,cxx-new,re_init,/usr/include/c++/11/ext/new_allocator.h,127,_Znwm,%51,4096,3,rejected,0,no,"escapes-store;sync-atomic-or-volatile-store-same-function;dynamic-size-excluded"
44,cxx-delete,re_init,/usr/include/c++/11/ext/new_allocator.h,145,_ZdlPv,,0,0,rejected,0,no,not-supported-allocation
45,cxx-new-array,re_init,/usr/include/c++/11/bits/unique_ptr.h,968,_Znam,%111,4096,3,rejected,0,no,"escapes-store;sync-atomic-or-volatile-store-same-function;dynamic-size-excluded"
46,cxx-delete-array,re_init,/usr/include/c++/11/bits/unique_ptr.h,120,_ZdaPv,,0,0,rejected,0,no,not-supported-allocation
47,cxx-new,re_init,/usr/include/c++/11/ext/new_allocator.h,127,_Znwm,%125,4096,2,rejected,0,no,"escapes-call;sync-atomic-or-volatile-store-same-function;dynamic-size-excluded"
48,cxx-new,re_init,/usr/include/c++/11/ext/new_allocator.h,127,_Znwm,%134,4096,2,rejected,0,no,"escapes-call;sync-atomic-or-volatile-store-same-function;dynamic-size-excluded"
49,cxx-delete,re_init,/home/shin/arbiter/benchmark/xindex/XIndex-H/xindex_root_impl.h,75,_ZdlPvSt11align_val_t,,0,0,rejected,0,no,not-supported-allocation
50,cxx-new,re_init,/usr/include/c++/11/ext/new_allocator.h,127,_Znwm,%208,4096,3,rejected,0,no,"escapes-store;sync-atomic-or-volatile-store-same-function;dynamic-size-excluded"
51,cxx-delete,re_init,/usr/include/c++/11/ext/new_allocator.h,145,_ZdlPv,,0,0,rejected,0,no,not-supported-allocation
52,cxx-new,re_init,/usr/include/c++/11/ext/new_allocator.h,127,_Znwm,%297,4096,3,rejected,0,no,"escapes-store;sync-atomic-or-volatile-store-same-function;dynamic-size-excluded"
53,cxx-delete,re_init,/usr/include/c++/11/ext/new_allocator.h,145,_ZdlPv,,0,0,rejected,0,no,not-supported-allocation
54,cxx-new,re_init,/home/shin/arbiter/benchmark/xindex/XIndex-H/xindex_root_impl.h,95,_ZnwmSt11align_val_t,64,64,3,rejected,0,no,"escapes-store;sync-atomic-or-volatile-store-same-function"
55,cxx-new-array,re_init,/home/shin/arbiter/benchmark/xindex/XIndex-H/xindex_group_impl.h,41,_Znam,%353,4096,3,rejected,0,no,"escapes-store;sync-atomic-or-volatile-store-same-function;dynamic-size-excluded"
56,cxx-delete,re_init,/usr/include/c++/11/ext/new_allocator.h,145,_ZdlPv,,0,0,rejected,0,no,not-supported-allocation
57,cxx-delete,re_init,/usr/include/c++/11/ext/new_allocator.h,145,_ZdlPv,,0,0,rejected,0,no,not-supported-allocation
58,cxx-delete,re_init,/usr/include/c++/11/ext/new_allocator.h,145,_ZdlPv,,0,0,rejected,0,no,not-supported-allocation
59,cxx-delete,re_init,/usr/include/c++/11/ext/new_allocator.h,145,_ZdlPv,,0,0,rejected,0,no,not-supported-allocation
60,cxx-new,prepare,/usr/include/c++/11/ext/new_allocator.h,127,_Znwm,%9,4096,3,rejected,0,no,"escapes-store;pthread-worker-reachable;dynamic-size-excluded;no-sync-mutable"
61,cxx-new,prepare,/usr/include/c++/11/ext/new_allocator.h,127,_Znwm,%35,4096,1,rejected,0,no,"pthread-worker-reachable;dynamic-size-excluded;no-escape;no-sync-mutable"
62,cxx-delete,prepare,/usr/include/c++/11/ext/new_allocator.h,145,_ZdlPv,,0,0,rejected,0,no,not-supported-allocation
63,cxx-delete,prepare,/usr/include/c++/11/ext/new_allocator.h,145,_ZdlPv,,0,0,rejected,0,no,not-supported-allocation
64,cxx-new,train_rmi,/usr/include/c++/11/ext/new_allocator.h,127,_Znwm,%10,4096,3,rejected,0,no,"escapes-store;pthread-worker-reachable;dynamic-size-excluded;no-sync-mutable"
65,cxx-delete,train_rmi,/usr/include/c++/11/ext/new_allocator.h,145,_ZdlPv,,0,0,rejected,0,no,not-supported-allocation
66,cxx-new,train_rmi,/usr/include/c++/11/ext/new_allocator.h,127,_Znwm,%62,4096,3,rejected,0,no,"escapes-store;pthread-worker-reachable;dynamic-size-excluded;no-sync-mutable"
67,cxx-delete,train_rmi,/usr/include/c++/11/ext/new_allocator.h,145,_ZdlPv,,0,0,rejected,0,no,not-supported-allocation
68,cxx-new,hash,/home/shin/arbiter/benchmark/xindex/XIndex-H/xindex_group_impl.h,80,_Znwm,96,96,7,seed,5,yes,"escapes-store;escapes-call;sync-atomic-rmw-or-cmpxchg-same-function;sync-atomic-or-volatile-store-same-function;sync-inline-asm-same-function"
69,cxx-new,hash,/usr/include/c++/11/ext/new_allocator.h,127,_Znwm,8,8,6,rejected,0,no,"escapes-store;sync-atomic-rmw-or-cmpxchg-same-function;sync-atomic-or-volatile-store-same-function;sync-inline-asm-same-function"
70,cxx-delete,hash,/usr/include/c++/11/ext/new_allocator.h,145,_ZdlPv,,0,0,rejected,0,no,not-supported-allocation
71,malloc,allocate_leaf,/home/shin/arbiter/benchmark/xindex/XIndex-H/xindex_buffer_impl.h,832,malloc,520,520,10,seed,1,yes,"escapes-store;sync-atomic-or-volatile-store-same-function;pthread-worker-reachable;large-allocation"
72,cxx-new,allocate_leaf,/usr/include/c++/11/ext/new_allocator.h,127,_Znwm,%38,4096,4,rejected,0,no,"escapes-store;sync-atomic-or-volatile-store-same-function;pthread-worker-reachable;dynamic-size-excluded"
73,cxx-delete,allocate_leaf,/usr/include/c++/11/ext/new_allocator.h,145,_ZdlPv,,0,0,rejected,0,no,not-supported-allocation
74,malloc,allocate_internal,/home/shin/arbiter/benchmark/xindex/XIndex-H/xindex_buffer_impl.h,832,malloc,520,520,10,seed,2,yes,"escapes-store;sync-atomic-or-volatile-store-same-function;pthread-worker-reachable;large-allocation"
75,cxx-new,allocate_internal,/usr/include/c++/11/ext/new_allocator.h,127,_Znwm,%38,4096,4,rejected,0,no,"escapes-store;sync-atomic-or-volatile-store-same-function;pthread-worker-reachable;dynamic-size-excluded"
76,cxx-delete,allocate_internal,/usr/include/c++/11/ext/new_allocator.h,145,_ZdlPv,,0,0,rejected,0,no,not-supported-allocation
77,cxx-delete,free_data,/usr/include/c++/11/ext/new_allocator.h,145,_ZdlPv,,0,0,rejected,0,no,not-supported-allocation
78,free,free_data,/home/shin/arbiter/benchmark/xindex/XIndex-H/xindex_buffer_impl.h,47,free,,0,0,rejected,0,no,not-supported-allocation
79,cxx-delete,free_data,/home/shin/arbiter/benchmark/xindex/XIndex-H/xindex_group_impl.h,200,_ZdlPv,,0,0,rejected,0,no,not-supported-allocation
80,cxx-delete,free_data,/home/shin/arbiter/benchmark/xindex/XIndex-H/xindex_group_impl.h,202,_ZdlPv,,0,0,rejected,0,no,not-supported-allocation
81,cxx-new,background,/usr/include/c++/11/ext/new_allocator.h,127,_Znwm,%14,4096,4,rejected,0,no,"escapes-call;sync-atomic-or-volatile-store-same-function;pthread-worker-entry;dynamic-size-excluded"
82,cxx-new,background,/usr/include/c++/11/ext/new_allocator.h,124,_ZnwmSt11align_val_t,%23,4096,4,rejected,0,no,"escapes-call;sync-atomic-or-volatile-store-same-function;pthread-worker-entry;dynamic-size-excluded"
83,cxx-delete,background,/usr/include/c++/11/ext/new_allocator.h,137,_ZdlPvSt11align_val_t,,0,0,rejected,0,no,not-supported-allocation
84,cxx-delete,background,/usr/include/c++/11/ext/new_allocator.h,145,_ZdlPv,,0,0,rejected,0,no,not-supported-allocation
85,cxx-delete,do_maintenance,/usr/include/c++/11/ext/new_allocator.h,145,_ZdlPv,,0,0,rejected,0,no,not-supported-allocation
86,free,do_maintenance,/home/shin/arbiter/benchmark/xindex/XIndex-H/xindex_buffer_impl.h,47,free,,0,0,rejected,0,no,not-supported-allocation
87,cxx-delete,do_maintenance,/home/shin/arbiter/benchmark/xindex/XIndex-H/xindex_group_impl.h,200,_ZdlPv,,0,0,rejected,0,no,not-supported-allocation
88,cxx-delete,do_maintenance,/home/shin/arbiter/benchmark/xindex/XIndex-H/xindex_group_impl.h,202,_ZdlPv,,0,0,rejected,0,no,not-supported-allocation
89,cxx-delete,do_maintenance,/home/shin/arbiter/benchmark/xindex/XIndex-H/xindex_root_impl.h,166,_ZdlPvSt11align_val_t,,0,0,rejected,0,no,not-supported-allocation
90,cxx-new,compact_phase_1,/home/shin/arbiter/benchmark/xindex/XIndex-H/xindex_group_impl.h,246,_ZnwmSt11align_val_t,64,64,7,seed,6,yes,"escapes-return;escapes-store;escapes-call;sync-atomic-or-volatile-store-same-function;pthread-worker-reachable"
91,cxx-new-array,compact_phase_1,/home/shin/arbiter/benchmark/xindex/XIndex-H/xindex_group_impl.h,57,_Znam,%49,4096,4,rejected,0,no,"escapes-store;sync-atomic-or-volatile-store-same-function;pthread-worker-reachable;dynamic-size-excluded"
92,cxx-new,compact_phase_1,/usr/include/c++/11/ext/new_allocator.h,127,_Znwm,%192,4096,4,rejected,0,no,"escapes-store;sync-atomic-or-volatile-store-same-function;pthread-worker-reachable;dynamic-size-excluded"
93,cxx-delete,compact_phase_1,/usr/include/c++/11/ext/new_allocator.h,145,_ZdlPv,,0,0,rejected,0,no,not-supported-allocation
94,cxx-new,compact_phase_1,/usr/include/c++/11/ext/new_allocator.h,127,_Znwm,%367,4096,4,rejected,0,no,"escapes-store;sync-atomic-or-volatile-store-same-function;pthread-worker-reachable;dynamic-size-excluded"
95,cxx-delete,compact_phase_1,/usr/include/c++/11/ext/new_allocator.h,145,_ZdlPv,,0,0,rejected,0,no,not-supported-allocation
96,cxx-delete,compact_phase_1,/usr/include/c++/11/ext/new_allocator.h,145,_ZdlPv,,0,0,rejected,0,no,not-supported-allocation
97,cxx-new,insert_ptr,/home/shin/arbiter/benchmark/xindex/XIndex-H/xindex_group_impl.h,149,_Znwm,96,96,8,seed,3,yes,"escapes-store;escapes-call;sync-atomic-rmw-or-cmpxchg-same-function;sync-atomic-or-volatile-store-same-function;sync-inline-asm-same-function;pthread-worker-reachable"
98,cxx-new,insert_ptr,/usr/include/c++/11/ext/new_allocator.h,127,_Znwm,8,8,7,seed,7,yes,"escapes-store;sync-atomic-rmw-or-cmpxchg-same-function;sync-atomic-or-volatile-store-same-function;sync-inline-asm-same-function;pthread-worker-reachable"
99,cxx-new,put,/home/shin/arbiter/benchmark/xindex/XIndex-H/xindex_group_impl.h,113,_Znwm,96,96,8,seed,4,yes,"escapes-store;escapes-call;sync-atomic-rmw-or-cmpxchg-same-function;sync-atomic-or-volatile-store-same-function;sync-inline-asm-same-function;pthread-worker-reachable"
100,cxx-new,put,/usr/include/c++/11/ext/new_allocator.h,127,_Znwm,8,8,7,seed,8,yes,"escapes-store;sync-atomic-rmw-or-cmpxchg-same-function;sync-atomic-or-volatile-store-same-function;sync-inline-asm-same-function;pthread-worker-reachable"
101,cxx-delete,put,/usr/include/c++/11/ext/new_allocator.h,145,_ZdlPv,,0,0,rejected,0,no,not-supported-allocation
