raw-001	auto-k1-fixed	/home/shin/arbiter/build/arbiter-bench/hotset-broad-sweep-20260819-234706/configs/raw-001.config
raw-002	auto-k2-fixed	/home/shin/arbiter/build/arbiter-bench/hotset-broad-sweep-20260819-234706/configs/raw-002.config
raw-003	auto-k3-fixed	/home/shin/arbiter/build/arbiter-bench/hotset-broad-sweep-20260819-234706/configs/raw-003.config
raw-004	auto-k6-fixed	/home/shin/arbiter/build/arbiter-bench/hotset-broad-sweep-20260819-234706/configs/raw-004.config
raw-005	broad-default	/home/shin/arbiter/build/arbiter-bench/hotset-broad-sweep-20260819-234706/configs/raw-005.config
raw-006	broad-top8	/home/shin/arbiter/build/arbiter-bench/hotset-broad-sweep-20260819-234706/configs/raw-006.config
raw-007	broad-top12-noexp	/home/shin/arbiter/build/arbiter-bench/hotset-broad-sweep-20260819-234706/configs/raw-007.config
raw-008	permissive-deep	/home/shin/arbiter/build/arbiter-bench/hotset-broad-sweep-20260819-234706/configs/raw-008.config
raw-009	strict-fixed	/home/shin/arbiter/build/arbiter-bench/hotset-broad-sweep-20260819-234706/configs/raw-009.config
raw-010	dynamic-small-estimate	/home/shin/arbiter/build/arbiter-bench/hotset-broad-sweep-20260819-234706/configs/raw-010.config
raw-011	high-affinity	/home/shin/arbiter/build/arbiter-bench/hotset-broad-sweep-20260819-234706/configs/raw-011.config
raw-012	deep-expansion	/home/shin/arbiter/build/arbiter-bench/hotset-broad-sweep-20260819-234706/configs/raw-012.config
raw-013	random-flat	/home/shin/arbiter/build/arbiter-bench/hotset-broad-sweep-20260819-234706/configs/raw-013.config
raw-014	random-default	/home/shin/arbiter/build/arbiter-bench/hotset-broad-sweep-20260819-234706/configs/raw-014.config
raw-015	random-hybrid	/home/shin/arbiter/build/arbiter-bench/hotset-broad-sweep-20260819-234706/configs/raw-015.config
raw-016	random-worker-heavy	/home/shin/arbiter/build/arbiter-bench/hotset-broad-sweep-20260819-234706/configs/raw-016.config
raw-017	random-size-heavy	/home/shin/arbiter/build/arbiter-bench/hotset-broad-sweep-20260819-234706/configs/raw-017.config
raw-018	random-escape-heavy	/home/shin/arbiter/build/arbiter-bench/hotset-broad-sweep-20260819-234706/configs/raw-018.config
raw-019	random-flat	/home/shin/arbiter/build/arbiter-bench/hotset-broad-sweep-20260819-234706/configs/raw-019.config
raw-020	random-size-heavy	/home/shin/arbiter/build/arbiter-bench/hotset-broad-sweep-20260819-234706/configs/raw-020.config
raw-021	random-hybrid	/home/shin/arbiter/build/arbiter-bench/hotset-broad-sweep-20260819-234706/configs/raw-021.config
raw-022	random-sync-heavy	/home/shin/arbiter/build/arbiter-bench/hotset-broad-sweep-20260819-234706/configs/raw-022.config
raw-023	random-sync-heavy	/home/shin/arbiter/build/arbiter-bench/hotset-broad-sweep-20260819-234706/configs/raw-023.config
raw-024	random-flat	/home/shin/arbiter/build/arbiter-bench/hotset-broad-sweep-20260819-234706/configs/raw-024.config
raw-025	random-escape-heavy	/home/shin/arbiter/build/arbiter-bench/hotset-broad-sweep-20260819-234706/configs/raw-025.config
raw-026	random-sync-heavy	/home/shin/arbiter/build/arbiter-bench/hotset-broad-sweep-20260819-234706/configs/raw-026.config
raw-027	random-hybrid	/home/shin/arbiter/build/arbiter-bench/hotset-broad-sweep-20260819-234706/configs/raw-027.config
raw-028	random-flat	/home/shin/arbiter/build/arbiter-bench/hotset-broad-sweep-20260819-234706/configs/raw-028.config
raw-029	random-worker-heavy	/home/shin/arbiter/build/arbiter-bench/hotset-broad-sweep-20260819-234706/configs/raw-029.config
raw-030	random-worker-heavy	/home/shin/arbiter/build/arbiter-bench/hotset-broad-sweep-20260819-234706/configs/raw-030.config
raw-031	random-size-heavy	/home/shin/arbiter/build/arbiter-bench/hotset-broad-sweep-20260819-234706/configs/raw-031.config
raw-032	random-worker-heavy	/home/shin/arbiter/build/arbiter-bench/hotset-broad-sweep-20260819-234706/configs/raw-032.config
raw-033	random-size-heavy	/home/shin/arbiter/build/arbiter-bench/hotset-broad-sweep-20260819-234706/configs/raw-033.config
raw-034	random-sync-heavy	/home/shin/arbiter/build/arbiter-bench/hotset-broad-sweep-20260819-234706/configs/raw-034.config
raw-035	random-sync-heavy	/home/shin/arbiter/build/arbiter-bench/hotset-broad-sweep-20260819-234706/configs/raw-035.config
raw-036	random-worker-heavy	/home/shin/arbiter/build/arbiter-bench/hotset-broad-sweep-20260819-234706/configs/raw-036.config
raw-037	random-hybrid	/home/shin/arbiter/build/arbiter-bench/hotset-broad-sweep-20260819-234706/configs/raw-037.config
raw-038	random-size-heavy	/home/shin/arbiter/build/arbiter-bench/hotset-broad-sweep-20260819-234706/configs/raw-038.config
raw-039	random-worker-heavy	/home/shin/arbiter/build/arbiter-bench/hotset-broad-sweep-20260819-234706/configs/raw-039.config
raw-040	random-worker-heavy	/home/shin/arbiter/build/arbiter-bench/hotset-broad-sweep-20260819-234706/configs/raw-040.config
raw-041	random-escape-heavy	/home/shin/arbiter/build/arbiter-bench/hotset-broad-sweep-20260819-234706/configs/raw-041.config
raw-042	random-hybrid	/home/shin/arbiter/build/arbiter-bench/hotset-broad-sweep-20260819-234706/configs/raw-042.config
raw-043	random-hybrid	/home/shin/arbiter/build/arbiter-bench/hotset-broad-sweep-20260819-234706/configs/raw-043.config
raw-044	random-default	/home/shin/arbiter/build/arbiter-bench/hotset-broad-sweep-20260819-234706/configs/raw-044.config
raw-045	random-default	/home/shin/arbiter/build/arbiter-bench/hotset-broad-sweep-20260819-234706/configs/raw-045.config
raw-046	random-worker-heavy	/home/shin/arbiter/build/arbiter-bench/hotset-broad-sweep-20260819-234706/configs/raw-046.config
raw-047	random-escape-heavy	/home/shin/arbiter/build/arbiter-bench/hotset-broad-sweep-20260819-234706/configs/raw-047.config
raw-048	random-escape-heavy	/home/shin/arbiter/build/arbiter-bench/hotset-broad-sweep-20260819-234706/configs/raw-048.config
raw-049	random-default	/home/shin/arbiter/build/arbiter-bench/hotset-broad-sweep-20260819-234706/configs/raw-049.config
raw-050	random-flat	/home/shin/arbiter/build/arbiter-bench/hotset-broad-sweep-20260819-234706/configs/raw-050.config
raw-051	random-flat	/home/shin/arbiter/build/arbiter-bench/hotset-broad-sweep-20260819-234706/configs/raw-051.config
raw-052	random-default	/home/shin/arbiter/build/arbiter-bench/hotset-broad-sweep-20260819-234706/configs/raw-052.config
raw-053	random-flat	/home/shin/arbiter/build/arbiter-bench/hotset-broad-sweep-20260819-234706/configs/raw-053.config
raw-054	random-worker-heavy	/home/shin/arbiter/build/arbiter-bench/hotset-broad-sweep-20260819-234706/configs/raw-054.config
raw-055	random-flat	/home/shin/arbiter/build/arbiter-bench/hotset-broad-sweep-20260819-234706/configs/raw-055.config
raw-056	random-sync-heavy	/home/shin/arbiter/build/arbiter-bench/hotset-broad-sweep-20260819-234706/configs/raw-056.config
raw-057	random-default	/home/shin/arbiter/build/arbiter-bench/hotset-broad-sweep-20260819-234706/configs/raw-057.config
raw-058	random-hybrid	/home/shin/arbiter/build/arbiter-bench/hotset-broad-sweep-20260819-234706/configs/raw-058.config
raw-059	random-flat	/home/shin/arbiter/build/arbiter-bench/hotset-broad-sweep-20260819-234706/configs/raw-059.config
raw-060	random-sync-heavy	/home/shin/arbiter/build/arbiter-bench/hotset-broad-sweep-20260819-234706/configs/raw-060.config
raw-061	random-flat	/home/shin/arbiter/build/arbiter-bench/hotset-broad-sweep-20260819-234706/configs/raw-061.config
raw-062	random-worker-heavy	/home/shin/arbiter/build/arbiter-bench/hotset-broad-sweep-20260819-234706/configs/raw-062.config
raw-063	random-size-heavy	/home/shin/arbiter/build/arbiter-bench/hotset-broad-sweep-20260819-234706/configs/raw-063.config
raw-064	random-escape-heavy	/home/shin/arbiter/build/arbiter-bench/hotset-broad-sweep-20260819-234706/configs/raw-064.config
raw-065	random-size-heavy	/home/shin/arbiter/build/arbiter-bench/hotset-broad-sweep-20260819-234706/configs/raw-065.config
raw-066	random-sync-heavy	/home/shin/arbiter/build/arbiter-bench/hotset-broad-sweep-20260819-234706/configs/raw-066.config
raw-067	random-sync-heavy	/home/shin/arbiter/build/arbiter-bench/hotset-broad-sweep-20260819-234706/configs/raw-067.config
raw-068	random-hybrid	/home/shin/arbiter/build/arbiter-bench/hotset-broad-sweep-20260819-234706/configs/raw-068.config
raw-069	random-default	/home/shin/arbiter/build/arbiter-bench/hotset-broad-sweep-20260819-234706/configs/raw-069.config
raw-070	random-worker-heavy	/home/shin/arbiter/build/arbiter-bench/hotset-broad-sweep-20260819-234706/configs/raw-070.config
raw-071	random-default	/home/shin/arbiter/build/arbiter-bench/hotset-broad-sweep-20260819-234706/configs/raw-071.config
raw-072	random-hybrid	/home/shin/arbiter/build/arbiter-bench/hotset-broad-sweep-20260819-234706/configs/raw-072.config
raw-073	random-default	/home/shin/arbiter/build/arbiter-bench/hotset-broad-sweep-20260819-234706/configs/raw-073.config
raw-074	random-flat	/home/shin/arbiter/build/arbiter-bench/hotset-broad-sweep-20260819-234706/configs/raw-074.config
raw-075	random-hybrid	/home/shin/arbiter/build/arbiter-bench/hotset-broad-sweep-20260819-234706/configs/raw-075.config
raw-076	random-sync-heavy	/home/shin/arbiter/build/arbiter-bench/hotset-broad-sweep-20260819-234706/configs/raw-076.config
raw-077	random-flat	/home/shin/arbiter/build/arbiter-bench/hotset-broad-sweep-20260819-234706/configs/raw-077.config
raw-078	random-escape-heavy	/home/shin/arbiter/build/arbiter-bench/hotset-broad-sweep-20260819-234706/configs/raw-078.config
raw-079	random-escape-heavy	/home/shin/arbiter/build/arbiter-bench/hotset-broad-sweep-20260819-234706/configs/raw-079.config
raw-080	random-default	/home/shin/arbiter/build/arbiter-bench/hotset-broad-sweep-20260819-234706/configs/raw-080.config
